comentario,final_toxicidade
As mulheres de hoje DE HOJE nÃ£o merecem homens de valores ! Ã‰ a omissas pagam por se omitirem.,1
Parecem 02 idiotas olhando o prato pelo celular.,1
Fez o certo Tem meu respeito JÃ¡ aconteceu comigo Mais foi com cuscuz ğŸ˜‚,0
"Hoje com 25 anos apÃ³s anos e anos sem ver um video sobre esses temas hoje, me fez parar e prestar mais atenÃ§Ã£o sobre um video assim..",0
Aonde q o PSOL defende que homens use o banheiro feminino.????,0
"VERDADE CRIA JUIZO PAIZÃƒO,  METE MARCHA",0
Merecer atÃ© merece mais se o cara Ã© CLT e vai arrumar mulher pra que pra passar fome uma pessoa CLT nÃ£o consegue sustentar nem a prÃ³pria pessoa porÃ©m um CLT casa com outro CLT tem vergonha oq ela faz porque se a mulher nÃ£o ganhar nada pra mim nÃ£o serve .,1
"Quem diria: super herÃ³is na telinha revelam-se VILÃ•ES na vida real, kkk.Mas nada impressiona, senhores...Temos por aqui um juiz que, na verdade, Ã© o Lex Luthor da vida real tambÃ©m!",0
"  pode atÃ© comer certo mano isso funciona? Sim obvio mas pode acredita que mulher por ter tÃ£o facilidade de fica com quem quer, uma hora tu pode ser descartado mulheres vivem de forma emoÃ§Ãµes de momento, ela pode fica apegada a ti a vÃ¡rios tempo por vc ser bom de cama, mas isso tbm pode chega tudo ao fim, pois mulher no vive tÃ£o dependente de sexo como a gente vive",1
"Se isso aconteceu esse linda mulher merece as melhores continÃªncias,por respeito e carÃ¡ter.",0
Essa atriz Ã© muito legal e linda.ğŸ˜Š,0
"Que relacionamento de mÃ£e e filha Ã© esse????? Vou ali vomitar e jÃ¡ volto.ğŸ¤¢ğŸ¤®Peloamordedeus!!! AÃ­ reclama que filho/a nÃ£o respeita!?!?!?!?Tenho 1 filha de 20 anos, jamais falei com ela assim. Respeito sua individualidade e ela a minha. Somos mÃ£e e filha, com muito amor, mas muito respeito tambÃ©m.",1
Eu sou um mistÃ©rio inrressistvel,0
"esta e a sua opiniao....e nao a (dos homens) JESUS abosolveu a mulher adultera e a livrou das pedradas e disse a ela , (va e nao peques mais) e nao existe mulher santa e se existe Deus levou pro CEU por q aki na terra nao tem uma",1
"Falou pouco, mas falou bosta ğŸ˜‚ ..... Em resumo: homem tem que mover montanhas, mulher nÃ£o precisa fazer nada",1
"Cara eu sou mulher, mas eu nÃ£o gosto de flores nÃ£o, Eu gosto de plantas medicinais. Eu gostava de comer um cachorro quente, na esquina.",0
"Quenha assumida , cobrou na latağŸ˜…ğŸ˜…",1
"Nunca vi tanto fracassado em uma sessÃ£o de comentÃ¡rios, sÃ³ nÃ£o Ã© mais fracassado de quem fez o video",1
Que lindo meu Deus â¤â¤â¤â¤â¤â¤ Deus seja louvado ğŸ™,0
"Meu genro assumiu meu neto de dois anos, que agora tem 19 e tem um menino de 2 anos com minha filha. SÃ£o muito felizes. Meu neto ama muito mais do que ama o pai biolÃ³gico e meu genro o ama mais que muitos pais biolÃ³gicos. Eu e minha esposa amamos e respeitamos muito nosso genro. NÃ£o Ã© filho, e relaÃ§Ã£o, laÃ§o e amor que contam",0
Oxi . Depende da carÃªnciae desespero da mulher ğŸ˜‚ğŸ˜‚ğŸ˜‚ğŸ˜‚ğŸ˜‚ğŸ˜‚ğŸ˜‚,1
"A mulher fica mal-acostumadaem ter tudo no seu controlecom as mÃ£os na rÃ©dea o tempo todo.SÃ³ que ela nÃ£o sabe que Ã©uma ditadura de curta duraÃ§Ã£o no mÃ¡ximo 12 anos (18 a 30). ApÃ³s esse prazo, ela percebe que jÃ¡ nÃ£o estÃ¡ mais no topo da lista pois vÃª ao seu lado recÃ©m-chegadas novinhas. SÃ³ entÃ£o, reconhecem quedeveriam ter sido sabias a tempo no valor do relacionamentoantes de agora apenas lhes restar ir pra vitrine da liquidaÃ§Ã£o.",1
"""mulher Ã© artigo de luxo"". tomei uma dessa e terminei no divorcio.",0
desde de quando ficar junto o dia inteiro Ã© um benefÃ­cio para o cara?,0
O manginismo Ã© uma doenÃ§a gravÃ­ssima,1
Pior Ã© o que mais tem homem palpiteiro de rola.,1
"DÃ¡ a pulseira e pula fora, arruma uma mulher que valorize a pessoa e nao o objeto.",0
Caramba esse tipo de dica Ã© coisa de canalha mesmo!,1
Imagina receber conselho de um Enzo desse ai . Tomando vinho ğŸ˜‚ğŸ˜‚ğŸ˜‚ğŸ˜‚ğŸ˜‚ğŸ˜‚ğŸ˜‚ğŸ˜‚ğŸ˜‚ğŸ˜‚ğŸ˜‚ğŸ˜‚ğŸ˜‚ğŸ˜‚ğŸ˜‚ğŸ˜‚ğŸ˜‚ğŸ˜‚ğŸ˜‚ğŸ˜‚ğŸ˜‚,1
"O que salvo o mundo Ã© o maior combustivel do mundo, a testosterona .. isso Ã© o que o homem tem de sobra e mulher tem de falta, sem este combustivel o cara fica deitado o dia todo, a sorte q a mulher tem e isso, pq sem isso o cara nem procura..",1
"Carro elÃ©trico eu sou contra . O jeep atoleide sÃ³ se torna Renegade com motor diesel . O 500 eu jÃ¡ entrei e achei pequeno, tipo tu fica meio torto pra guiar . Andei no cooper do primo da minha mulher e achei sem graÃ§a",0
"SaudaÃ§Ãµes meus caros! SÃ©rio que ela acha mesmo que ele nÃ£o sabe? Pra vocÃªs verem como algumas delas nos veem. Meros fantoches. O que me preocupa Ã© fato de ainda terem muitos homens que Ã s idolatra como seres iluminados, nÃ£o vou engana-los, a maioria ainda as veem assimâ€¦Forte abraÃ§o e fiquem com Deus.",1
Eu tenho ğŸ˜‚ sai rapido de perto pois eu moro na suiÃ§a entÃ£o non responde sÃ³ ğŸ˜ŠğŸ˜ŠğŸ˜Š,0
"@  oxe, antes o miorim que era o brabo...saiu com a orelha quente...qm Ã© o proximo...o henrido perde debate pra social democrata desenvolvimentista kkkkkk",0
"Se fosse rico ela estava se humilhando a ele, mulher idiota ğŸ˜Š",1
Hoje estou com vontade de comentar. Se ela tÃ¡ ganhando mais e quer separar pede pensÃ£o,0
"Verdade concordo com vc,se fosse filha minha ela nem estaria na Internet fazendo vÃ­deo porq o celular dela eu iria quebrar na cara dela",1
AÃ­ o cara dar uns pipoco . O cara Ã© taxado como vilÃ£o.,1
Cara que mulher insuportavel !!!!,1
E Ã© aÃ­ q se determina qdo Ã© a hora de trocar de mulher.,1
Tem mais! Ser processado pelo o que disse ou fez sem forÃ§ar nada ou ser mal interpretado! Cuide-se! Porque a mulherada tÃ¡ querendo e fuder os homens!,1
Eu nÃ£o sou looooooouuuuuuccccccccaaaaaaaa,0
E tem mulher que acha que tÃ¡ abalando quando anda assim ... sendo que na vdd tÃ¡ ridÃ­cula,1
balela no seu mundinho. Perdoar Ã© importante.,0
Parece um piriquitoE piriquito feio e burro ainda,1
"Se assumiu( registrou legalmente) ele se fodeoâ¤. Vai pagar pensÃ£o e mesmo que nÃ£o tenha registrado ela pode dar entrada na pensÃ£o socio afetiva. O dinheiro da pensÃ£o ela vai usar pra comprar picanha e cerveja pra o macho dela... Meu tio passa por isso. Assumiu a filha que nÃ£o era dele, depois tomou umas pontas, a mulher ( dona Carminha) botou ele pra fora de casa( a casa era dele presente da minha avÃ³) e paga pensÃ£o pra filha dos outros, e a dona pÃ´s o macho em casa( obviamente) e vivem de muita cerveja e churrasco regados a bolsa famÃ­lia, pensÃ£o de duas outras crianÃ§as e a do meu tio Ã© claro. De quem foi o erro? Dele( meu tio). Todos nÃ³s na famÃ­lia dissemos: Valter, vc vai assumir uma mulher com dois filhos e um na barriga que nÃ£o sÃ£o seus? Olha... Esse para mim bateu o recorde de otarice ( se Ã© que essa palavra existe), idiotice e etc.",1
"""eu falei par vocÃª que eu bebi!!!"" - a culpa Ã© da bebida kkkkkkkkk faz me rir!!!!!",0
To aqui... sÃ³ dou atenÃ§Ã£o pra moÃ§as de 24 ou menos sem filhos sem sobrepeso.,1
"Ele tem o que ela quer, ela quer o que ele tem. Troca de favor nÃ£o faz mal a ninguÃ©m. Kkkkk",0
Se Ãª a gente o cara num presta  Ã©  pilantra  . Eu tÃ´ errada aconteceu  .o cadete fez por que tava afim,1
"a espctro ficou cortando a outra mulher todo hora,isso sim e falta de respeito.",0
"""Examde de toque com o Wolverine""ğŸ˜‚ğŸ˜‚ğŸ˜‚",0
"Ã‰ assim que abusadores sai ilesos. Porque acham que elas mentem sobre isso. Essa mulher odeia crianÃ§a. Outra, para uma crianÃ§a inventar que alguÃ©m a tocou nas partes Ã­ntimas, ela precisa saber sobre esse toque, significa que ela ja foi abusada dessa forma por alguÃ©m, sabia? Eu fui abusada dos e aos 6 por um velho ""bonzinho"" e disseram pra mim que eu que estava procurando macho, que eu era sem vergonha.Cala a boca mulher no.jenta... por pessoas como essa que pedÃ³filos sÃ£o tratados como rei e inocentes",1
"tambÃ©m sou a favor da segregaÃ§Ã£o... da segregaÃ§Ã£o dos impostos, implementando um sistema que identifique o sexo do pagador de impostos de modo que o Estado faÃ§a caridade para as mulheres apenas com os impostos gerados por elas e os impostos gerados pelos homens sejam destinados a eles!  quem apoia a minha proposta de lei?",0
ğŸ˜‚ğŸ˜‚ğŸ˜‚OMG ğŸ˜‚ğŸ˜‚ğŸ˜‚ESTA IMPLORANDO POR LEITE CONDESADO NESTLE..,0
Isso tbm serve pra homem nÃ£o tem mais homem sÃ³ moleque covarde narcisista status vai querer um mal caracter desse pra dizer que tem um lixo do seu lado vai ter que rolar a bunda no asfalto quente,1
Isso Ã© uma ofensa para arteMas o Ã³culos de uma delas Ã© legal entÃ£o dou a nota 10/10,0
"Muita falta, jamais viveria sem meu pai, meu marido e meu filho. Os homens da minha vida sÃ£o tudo para mim, juntamente com a minha mamÃ£e.",0
SatanÃ¡s anda ao derredor... o fim dos tempos,0
O que o homem quer nÃ£o me interessa se interessa a vc tudo bem â¤ğŸ˜‚ğŸ‰,0
"Mulher doida e assim mesmo, ficam de joguinhos",1
"Se fosse meu ia ter 2 varas pra  ele, simples assim",1
"Amor boa  noite â¤ que delicia te ver, estou com saudades,  estou  dentro de uns problemas sÃ©rios, mas vou falar pra vc tudo,  a verdade ! â¤  vc  sempre querida, carinhosa,  linda,sensual, deliciosa,   o verdadeiro.  Amor !â¤â¤â¤",0
@  Cuidado com o mecanismo da projeÃ§Ã£o! Kkk,0
Meu deus ele nÃ£o segue o ante otario nÃ© kk.,0
"Mano, Ã s vezes ele estÃ¡ retribuindo de outra forma. ğŸ¤·ğŸ¼â€â™‚ï¸",0
"Na minha visÃ£o, o solteiro cansado Ã© aquele cara que jÃ¡ foi Ã  caÃ§a inÃºmeras vezes, fez todo o ritual de preparaÃ§Ã£o e escolheu o lugar certo, mas a presa comeÃ§ou a pregar peÃ§as no caÃ§ador e ele sempre voltava pra casa sem nada. Chegou uma hora que ele se contenta apenas com o sofÃ¡, a cerveja, os petiscos como acompanhamento, a TV etc e se cansa de querer fazer todo o ritual para pegar aquela presa e comer depois. Chega uma hora que o esforÃ§o demasiado na vale a recompensa.",1
Eyta falta de carÃ¡ter coitado desse marido,1
QUANDO o homem fala assim ele foi atras de uma puta e se deu mal...fato kkkkkk tadinhoğŸ˜‚ğŸ˜‚ faz parte...mais tem aquele 1% de mulher de verdade amÃ©m,1
eu sou homem e discordo. Como assim obrigaÃ§Ã£o de transar ? tem uns cara que parece um tarado sedento quer ta 24 hs dentro de uma vagina e a mulher Ã© obrigada a aceitar pq assinou um papel. parece que depois que casa vira propriedade ğŸ˜‚,1
"Ela nÃ£o tem motivos pra mandar ele embora, mais ele tem motivo pra ir embora. Mulher louca",1
Hoje nÃ£o vale mais a pena casar.,0
"Igual ah mulher dele ,que o acusou falsamente e o traiu ainda Olha no canal do feltrin tem todas as provas",1
"Imagina tu ser pai, criar tua filha e ela te dar um esculacho desses? E outra, pode ter certeza que ela ouviu isso aÃ­ da propria mÃ£e dela",1
"""Vou dÃ¡ pra traficante para ganhar lanÃ§a de graÃ§a"" kk, os cara vai raspar a cabeÃ§a dela e espancar ela.",1
"Algumas mulheres n entendem, q homem n consegue ficar sem mulher, jÃ¡ q mulher demora mais a se relacionar, n maioria das vezes.",1
"Calculo simples 25 mil x 12 = 300 mil reais por ano.Se  pagasse uma do JOB no valor de R$ 1000,00 seria 300 mulheres por ano.",1
esse cara um picareta prega mas nao faz o que prega,1
"  e a ""independentona"" coloca chifres.",1
"Ele Ã© simplesmente abenÃ§oado, ganhou a fortuna e se livrou do atraso quase ao mesmo tempo.",0
"HOMENS, nÃ£o se iludam com essas mulheres/feministas, narcisistas, tÃ³xicas e abusivas atualmente, pois se vocÃª quiser ter sÃ©rios e graves problemas na sua vida, passar por situaÃ§Ãµes idÃªnticas e muito piores a que outros homens estÃ£o passando ou jÃ¡ passaram, se tornar refÃ©m, ter a sua vida transformada num caos, num calvÃ¡rio, num inferno, perder a sua paz, a sua sanidade mental, a sua tranquilidade, a sua qualidade de vida, sua saÃºde, suas forÃ§as, suas Ã³timas noites de sono, seu bem-estar, sua alegria de viver, seu sossego, a sua liberdade, seu dinheiro/patrimÃ´nio, sofrer falsas acusaÃ§Ãµes e ainda poder ser preso. Ã‰ muito fÃ¡cil: seja mais um a cair no golpe do namoro firme, do ficar noivo, do morar juntos e do casamento. NÃ£o tem erro, a sua vida nunca mais serÃ¡ a mesma. Assim, alÃ©m de sofrer horrores, vocÃª descobrirÃ¡ pela dor o quanto ser um homem solteiro convicto Ã© uma dÃ¡diva, Ã© maravilhoso e Ã© acima de tudo a suprema felicidade. A vida Ã© feita de escolhas. EntÃ£o, faÃ§a as suas!!! REDPILL AND MGTOW FOREVER.",1
"Essa Ã© mal amada viu ...E o mano Ã© esperto, se livrou de uma bucha...",1
"@  tudo Ã© interesse,  vc quer uma mulher por que vc tem interesse em algo nela, mulher tem interesses semehantes, no caso grana, quem se acha por que pegar do job nÃ£o passa de um bocÃ³, pagar 300, 500, 2k pra pegar mulher nÃ£o passa de uma luxuaria, ainda sim nÃ£o tem nada de incrivel nisso, nada.",1
"A primeira a ser machucada Ã© a esposa chifruda que sÃ³ nÃ£o se sentirÃ¡ machucada se nÃ£o amar o marido e os filhos, claro, quando descobrirem o cafajeste do pai que tÃªm e ficarem solidÃ¡rios com a dor da mÃ£e ğŸ’¥",1
"""Eu sou muito esperta""O Cara achando o video dela no Youtube: SerÃ¡?",0
TÃ¡. Mas rodada eu nÃ£o quero  ğŸ˜‚,1
"Ã‰ nada! ""Ele"", estÃ¡ Ã© querendo fugir desse perigo que vocÃªs mulheres sÃ£o, Ã  paz de si prÃ³prio.",1
"Ã‰ sÃ³ pegarmos os textos antigos das regiÃµes e dos filÃ³sofos , os textos sÃ£o unÃ¢nimes em nos dizer que mulheres nunca gostaram dos homens . PlatÃ£o em plena GrÃ©cia patriarcal nÃ£o se casou. Imagina nÃ³s que vivemos neste lixo de sistema matriarcal opressor , dÃ¡ o que pensar !!! As mulheres sÃ£o interesseiras , sÃ³ querem o nosso ğŸ’° e nos torturar psicologicamente.",1
"Aleluias, toda Honra e GlÃ³rias sejam dados ao Senhor Jesus Cristo ğŸ¤—",0
"O segundo vÃ­deo,parece feito por I.A",0
"O maior castigo para quem trai, Ã© o desprezo eterno.",0
"UM mentiroso isso sim porque o ferimento no braÃ§o da Ana, todo mundo que assistiu o Programa apresentado pela Ana na Record viu muito bem o braÃ§o dela FERIDOA",1
"Fala, professor!!! Excelente vÃ­deo!!! Muito obrigado por mais uma aula!!!Meus amigos, nada melhor do que a paz interior que a solitude traz!! Continuem focados em seus objetivos!! Escutem e, sobretudo, coloquem em prÃ¡tica o que Ã© dito pelo professor !!JAMAIS SE CALE PROFESSOR SANDRO!!! FORTE ABRAÃ‡O!!!",0
"  nÃ£o Ã© Ã³bvio? As mulheres gostam de emoÃ§Ã£o e curtiÃ§Ã£o, porque a maioria faz filho com mal carÃ¡ter? a resposta Ã© muito Ã³bvio, a maioria sÃ³ arruma tranqueira ou se ilude com bom papo e palavras doces e depois vem *""nenhum homem presta ou ""homem Ã© tudo igual.""*",1
A tal maria da penha deveria ser presa,1
"isso sim Ã© uma boa base, claramente percebo que vocÃª jÃ¡ leu muito os filÃ³sofos classicos, com PlatÃ£o e AristÃ³teles. Base aristotÃ©lica forte",0
O judiciÃ¡rio trabalha pro crime organizado sÃ³ nÃ£o ver quem nÃ£o quer,1
Mulheres cavando a prÃ³pria fossa.  Quando descobrir jÃ¡ e tarde de mais,1
"Em poucos segundos ela falou tudo, mais tudo mesmo. ParabÃ©ns! Realmente a ilusÃ£o tÃ¡ tomando conta da mulherada e o resultado disso Ã© nÃºmero avassalador de mÃ£es solteiras.",1
"Na verdade,alessandra negrini foi abenÃ§oada ,pq a muitas com a mesma idade que sofreram menos que a Alessandra e estÃ£o piores tbm,Ã© igual aquele japones que faz musculaÃ§Ã£o e tem 70 anos e nÃ£o parece",1
Me diz qual dos 2 tem dignidade.,0
"Que nojo isso, sinceramente, coitado.",0
â¤  eu  nÃ£o  tenho. Um grande  amor ğŸ’˜  mais  tenho  uma grande  paixÃ£o  ....gue Ã©. VocÃª...â¤...beijo  no cangoti.....,0
Eu tambÃ©m perdi o meu faz um mÃªs sÃ³ para nÃ³s ajudar e dar forÃ§as para superar â¤ tanto coisa,0
"""Supostamente progressistas""Ã‰ a mesma ladainha de ""Cuba nÃ£o Ã© o verdadeiro comunismo, Nicolas Maduro Ã© direitista"" e por aÃ­ vai.O pior cego Ã© aquele que nÃ£o ver.",0
"Deu em cima do eis, e ela foi confirmar antes.",0
Terminei casamento de 20 anos tb porque percebi que eu era apenas uma empregada e nem pra namorar servia mais...o celular era mais importante,0
Na casa de Ana Hickmann cabe a famÃ­lia do Belo ... kkkkkkk,0
"Ja 7 vezes bem feita, pelo menos a ereÃ§Ã£o, mais a ejaculaÃ§Ã£o nÃ£o kkk mais o prazer nÃ£o depende da quantidade de esperma, e foi bem feita a ponto da 7 nÃ£o terminar por so ter a ereÃ§Ã£o e o prazer ja tava longe, sÃ³ a eracao algo anormal sem tomar nada !!!",1
Mas peter nunca lacrou nao pow.,0
"Isso Ã© furto, falsidade ideolÃ³gica. O cara tem que denunciar ela. Ã‰ uma Vigarista, bandida. Todo castigo para essa pilantra Ã© pouco.",1
Eu acho que roupa Ã© um dos itens que define carater da mulher sim.,1
"As mulheres do passado trabalhavam? Elas nem recebiam heranÃ§a dos pais, a Ãºnica esperanÃ§a Ã© encontrar um bom marido.",0
SerÃ¡ este texto tambÃ©m serve para os homens!!!,0
"Se filho cuidasse de mÃ£es e pais,  aqui em Portugal nÃ£o havia tanto idoso largado em asilos. O problema Ã© que vcs se acham imprescindÃ­veis demais.  Acorda",1
Mais as mulheres sÃ£o os ZÃ© hj em dia ğŸ˜‚ğŸ˜‚ğŸ˜‚ğŸ˜‚,1
Cada dia que passa vc fica mais Bonita eu fico mais apaixonado ainda por vc meu amor eu amo muito vc meu amor eu quero casa com vc meu amor â¤ï¸â¤ï¸â¤ï¸,0
"Essa sim merece ser escutada,essa parada ai",0
"Muitas sÃ³ tem uma PKK jÃ¡ bastante usada por muitos outros machos e ainda exigem para caramba, aÃ­ Ã© brincadeira nÃ© mesmo.",1
O cara lenÃ§ol um  gem jutsu na mulher atra vÃªs dos olhos,0
"Venha me conhecer minha filha. Duvido que nÃ£o exista homem solteiro de verdade, nada de pedreiro aqui.",0
"Cara, encontrei uma mulher que namorei pouco tempo ha 18 anos atrÃ¡s, apÃ³s terminar um relacionamento de 12 anos , saÃ­mos ficamos, levei em restaurante caro, pizza de primeira qualidade, churrasco de sexta a domingo , ela tirou uns dias de fÃ©rias e eu falei ""tem5 anos que nÃ£o tiro fÃ©rias , vou ficar uma semana com vocÃª de fÃ©rias tambÃ©m, no segundo dia ela praticamente me colocou pra fora da casa dela kkkkk dizendo que eu tinha que trabalhar, era preguiÃ§oso, etc.....fiquei calado , e como sou ""MALACO DOIDO"" KKKKKK NAO FALEI NADA KKKK Esperei a poeira baixar peguei uma grana com ela menos de 1K sendo que tinha 3k em conta corrente, dois dias antes do combinado do pagamento ela jÃ¡ ficou louca Kkkk e eu banquei que iria pagar no dia combinado , mas no dia falei que a grana sÃ³ teria no outro dia kkkkkkkkkA bicha se revelou , me humilhando e falando do acontecido atÃ© para os Ex , e mostrando o printe das respostas deles KKKKKKK NO OUTRO DIA PAGUEI COM JUROS E SIMPLESMENTE NUNCA MAIS EMPURREI O CARECA NELA KKKKKKKK",1
"VocÃª acha que isso Ã© educar , o desrespeito jÃ¡ foi ao desfazer do presente do seu pai e pior sem seu consentimento ! Uma boa surra mais cedo teria evitado tudo isso !!!Falam tanto de nÃ£o bater para educar em casa , mas a violÃªncia sÃ³ cresce nessa geraÃ§Ã£o, e na Ã©poca que se era educado com palmadas em casa nÃ£o se tinha tantos vagabundos assim !!!!!!",1
"MUITO BOM!FALTOU UMA ORIENTAÃ‡ÃƒO QUE PASSO PARA MINHAS FILHAS, NÃƒO TIRAR O OLHO DO COPO QUE BEBE, PREFERÃŠNCIA BEBER NA GARRAFA E SEMPRE UTILIZAR A TAMPA.",0
ParabÃ©ns para essa mae ela e um exemplo,0
Pelo modo de pilotar a moto tava bÃªbado ou drogado .motoqueiro jamais devia disputar ou descutir com carros porque ta em desvantagem  uma encostada ja derruba o motoqueiro .mesma coisa carro discutir com camioneiro Ã© uma formiguinha,0
@  ğŸ¤£ğŸ˜‚ğŸ¤£ğŸ˜‚ me lascar bonito Tenha paciÃªncia ğŸ’†ğŸ½â€â™‚ï¸,0
"@  esta fala reflete a tamanha falta de maturidade de algumas pessoas que acham que elas devem ser as Ãºnicas a fazer parte do ciclo social do parceiro, como se o mundo girasse em torno do umbigo delas, mas tudo bem, eu nÃ£o julgo, porque no fundo quem tem pensamento assim pode ter se envolvido com gente de mal carÃ¡ter e pensar que todo mundo Ã© assim",0
Exatamente..Eu penso assim.. sÃ³ que no momento nÃ£o tem Ã¡ ver com minha realidade pois sou mÃ£e solteira e preciso ser provedora..aliÃ¡s nÃ³s mÃ£es solteiras temos q ser de tudo. SÃ³ q infelizmente nÃ£o somos super heroÃ­nas e algum momento algo nÃ£o vai sair tÃ£o bem feito nÃ©...q isso nÃ£o seja o amor e criaÃ§Ã£o d nossos filhos.,0
"Sandro nÃ£o, padrinho Dom Sandro.",0
"  se a esposa passa um ano sem trepar com o Marido, acha mesmo que ele vai suportar esse um ano sem procurar na rua, o que nÃ£o estÃ¡ tendo dentro de casa? Reflita.",1
"O QUE Ã‰ ROD4D4 PRA VCS?Rodada Ã© quem transa com qqr namorado! AAA MAS A MINHA SÃ“ TR..PAVA COM COMPROMISSO.AHAM! Te garanto que sÃ³ NÃƒO ficou com o ex, porque o EX NÃƒO QUIS.Salvo algumas raras exceÃ§Ãµes. Que eu nao quero conhecer.",1
"@ -u5p Repito, NAAADA foi conquistado, foi tudo CONCEDIDO,mulher nao lutou por NADA,aceitem isso. A promiscuidade entre homem e mulher Ã© TOTALMENTe diferente, nao justifico ou defendo, mas NEM se compara, nao obstante o pegador, o desejado por outras mulheres, o destacado, o influente Ã© muito mais desejado do que o comedido. O homem nao, uma Anita, uma Valesca Popozuda, uma Mc Pipoquinha, ou o que seja, nao agrega NADA para o homem, ele geralmente nao gosta disso.",1
Se afastem de problemas. Fiquem solteiros guerreiros,1
"Eu c 42 digo ""Ã© verdade esse bilhete.""",0
Eu se nao der pra mim nao pago nem uma bala kkkk serio .Quue se foda ja aviso antes .Ja pergunto logo pra essas safadas de hoje em dia .E outra beijo eu do na minha mae ja vai logo arriando a carcinha,1
"Pela cara dele, ele estava gostando. Isso Ã© nojento, concordo com a fala dela, a decadÃªncia da raÃ§a humana, feminismo reverso.",1
Fobia social na minha Ã©poca era quando eu nÃ£o tinha dinheiro para ir Ã s excursÃ£o do playcenter com a galera da minha sala ğŸ˜‚ğŸ˜‚ğŸ˜‚ğŸ˜‚,0
VÃ£o lavar uma louÃ§a que Ã© melhor,1
"conversa sincera e orientaÃ§Ã£o sempre Ã© o melhor caminho. os pais precisam entender que criam filhos pro mundo, nÃ£o pra uma bolha especÃ­fica.",0
Kkkkkk sua mulher jÃ¡ foi! Kkkkk,0
"â€‹ ,  terapeuta Ã© coisa de homem, o que todos precisam Ã© de Cristo em suas vidas, Deus Ã© o sentido da vida.",0
"Com estas exigÃªncias nÃ£o vai ter primeira encontro, ela quer um caixa eletrÃ´nico... ğŸ¤¬ğŸ¤¬ğŸ¤¬ğŸ¤¬ğŸ¤¬ğŸ¤¬ğŸ¤¬ğŸ¤¬ğŸ¤¬",1
Mulher so da encima do homem quando a conta dele Ã© bem recheada ou seja ricoğŸ¤¦ğŸ˜‚ğŸ˜‚ğŸ˜‚ğŸ˜‚ğŸ˜‚ğŸ˜‚ğŸ‘,1
"Inventou suas presepadas, sustenta e pronto  ğŸ˜‚ğŸ˜‚ğŸ¤£ğŸ˜‚ğŸ¤£ğŸ‘ğŸ‘ğŸ‘ğŸ‘ğŸ‘ğŸ‘ğŸ‘ğŸ‘",0
Ela abandonou para nÃ£o sofrer lesÃ£o grave.,0
Penso que uma mulher falar da outra que Ã© rodada Ã© uma discriminaÃ§Ã£o. Esta mulher que estÃ¡ falando nÃ£o Ã© uma santa. Ela nÃ£o conhece a vida de una grande parte das mulheres. Alguns homens sÃ£o obrigadas a fazer isto muitas vezes pra dar comida pra um filho. NÃ£o julgueis para que nÃ£o sejais julgados.,0
"Cuidado, se a mulher personal for homossexual ou bi, vai dar em cima da sua MuiÃ© sem pudor, vai tomar chifre do mesmo jeito!",1
"@  sim jovem, mas nos estamos brigando p ser excessÃ£o. N somos nem 5% dos homens. Em uma anÃ¡lise probabilÃ­stica a gadaiada bate 95% fÃ¡cil... O inverno das mulheres deve comeÃ§ar aos 60 e olhe lÃ¡... AtÃ© lÃ¡ tem gado p prover sendo minimamente atraente",1
"A verdade Ã©, a mÃ£e e as irmÃ£s se dependesse somente delas o filho ou irmÃ£o, nÃ£o casava com mÃ£e solteira.",1
O que seria um sem o outro para completar um todo,0
Kkkkk atÃ© eu queria ser filho desse pai Um bom pai sabe dar uma boa educaÃ§Ã£o e o melhor ensinamento que ninguÃ©m vai dar .,0
"sou de goias e direto ouÃ§o os vizinhos aqui com uma que diz, ""a mulher que ele ama esta casando outro msm assim que ele Ã©  homen da vida dela Ã© ele"" e o cara ainda chora por ela kkkkkk, dÃ¡ nao vei ouvir essas musicas, intankÃ¡vel",0
"Homens nÃ£o estÃ£o mais chegando nas mulheres por dois motivos:  1- acusaÃ§Ãµes falsas de assÃ©dio 2 - O sexo estÃ¡ muito fÃ¡cil, portanto nÃ£o vale a pena se arriscar a ser preso por falsa acusaÃ§Ã£o de assÃ©dio ou ser ridicularizado por alguma madame com o ego inflado.",1
sangue de jesus tem poder tem poder tem poder,0
"Na verdade essas vÃ©ia largadas tÃ£o mais pra empoeiradas, o cara que se junta com elas tem q aguentar as crises existenciais",1
â€‹  maioria dos homens vive na escassez a mulher faz sexo na hora que ela quiser o homem faz sexo com ele consegue vc sabe muito bem que nÃ£o Ã© a mesma coisa,1
"JÃ¡ ouviu falar em assÃ©dio, minha senhora?",0
"Tou na paz, faz tempo ğŸ™ŒDon se identifica cmg",0
A conta chega. Zuou como se nÃ£o houvesse amanhÃ£. SÃ³ que o amanhÃ£ chegou.,0
AmÃ©m meu irmÃ£o fica na paz tÃ¡ bom ğŸ™ğŸ½,0
"@  mas no meu caso, nem dinheiro resolve. Kkkkk mas eu estou bem.",0
Coitado do miqueinha levando chifre ğŸ¤ŸğŸ«ğŸ«ğŸ«ğŸ¤˜ğŸ¤˜ğŸ¤˜a muito tempo e nÃ£o percebeu e vai continuar ser corno,1
"A desculpa que esse tipo de podcast serve pra divulgar a RED jÃ¡ nÃ£o cola mais, estÃ£o no mesmo caminho do F. NETO, se tornando aquilo que tanto criticava. NÃ£o tem redpill alguma nisso, sÃ³ redflag, e pessoas com estilo de vida influencer que nÃ£o reflete o mundo real",1
"@  NÃ£o que elas sejam intoxicadas, Ã© que a mulher depois que tem filhos elas baixam muito a rÃ©gua, pois sabem que nÃ£o Ã© todo homem que vai querer. As sem filhos intoxicadas sÃ£o as mesmas msol antes de terem filhos.",1
"Essas colheres que gostam do carrocel nÃ£o tem jeito! Sempre voltam! nÃ£o prestam pra nada. O cara corre Ã© risco de dst, humilhaÃ§Ãµes e vexames. Esse gado mereceu se lenhar!!!",1
"E isso Ã© certo? Se divertir com o choro dos outros? Vc mesma nem pensa no prÃ³ximo, entÃ£o nÃ£o acredito que vc Ã© uma boa esposa. Vc Ã© capaz de rir do choro do seu marido tbm. No casamento diz, ""na saÃºde, na alegria e na tristeza"". Ora, se vc ver o seu marido chorar, e vc sorrir, em vez de chorar com ele, entÃ£o porque vc se casou? Porque nÃ£o vai viver sÃ³?â€‹ As suas palavras revelam que vc nÃ£o Ã© uma boa  ",1
Homem  provedor tem preÃ§o: a mulher paga com a dignidade!,0
"Professor ""Xavier Videos"", felizmente nÃ£o Ã© cadeirante, mas tÃ¡ tentando aleijar muitos humanos comuns, tentando criar atravÃ©s da mistura genÃ©tica de muitas guerreiras dar  vida aos mutantes! ğŸ˜‚ğŸ˜‚ğŸ˜‚",1
"Epaaa epaaa lÃ¡... Eu amo homens de honra e honesto. Estou solteira atÃ© hj porq infelizmente ainda nÃ£o achei e Ã³bvio que qdo vejo aqueles homens doidos nem chego perto. Canalha jÃ¡ sei que nÃ£o presta. Assediadores odeio. Funk odeio. Nem festas eu curto e mesmo assim... TÃ¡ difÃ­cil. O melhor homem da minha vida, morreu... Meu marido e atÃ© hj estou sozinha na minha solitudine. Ã‰ como dizem, melhor sÃ³ do que mau acompanhada ğŸ˜Š",0
"A mulher pode dar pra quantos quiser , quantas vezes qiiser, mas isso vai gerar reaÃ§Ãµes diferentes que gera na cabeÃ§a dos homens pegadores. Isso vai confundi-la e vicia-la.ğŸ˜®ğŸ˜®ğŸ˜®",0
"Pior que existem esses tipos, lamentÃ¡vel!",0
Se  um cara te toca eu ve arrebento ele deixo nao fica em paz mais Ã© isso mesmo se cuida   voce e jovem  estude e na hora certa DEUS MAIS TO FALANDONDE  IHREJA NAO TWM GENTE BOA FORA DA IGREJA AS VEZES MELHOR DO QUE OS QUE TA NA IGREJA ENTAO NA HORA CERRA ELE COLOCA UMA PESSOA NO SEU CAMINHO POR HOEA ISSO MESMO SE CUIDE  BEM PRONTO GAROTA !,1
Olhando pela 4 vez e nao entendi nada kkk,0
Verdade mesmo  vovÃ³ nÃ£o Ã©  besta ğŸ˜‚,0
NÃ£o gosto e nem sou fÃ£ de Neymar E tambÃ©m nÃ£o gosto de ruivas gosto de morenas tanto que a minha esposa e claro a mulher mais linda do mundo e alÃ©m dela outra nÃ£o hÃ¡ prefiro minha famÃ­lia que me ama do que um ser desse que precisa de um pouco de atenÃ§Ã£o pra poder ser aceita pelos acÃ©falos da vida,0
"Sei bem como Ã© esse papo ğŸ˜‚ğŸ˜‚ğŸ˜‚ todas caem ğŸ‘ğŸ»ğŸ‘ğŸ»ğŸ‘ğŸ»ğŸ‘ğŸ», nÃ£o que eu nÃ£o tenha os planos e projetos , mas nunca iria entregar nas mÃ£os dessas oportunistas. Apenas devemos deixar a entender que elas estÃ£o inclusas nos planos .",1
"ğŸ˜¢  assumi uma mulher na Ã©poca com 29 anos grÃ¡vida de 2 meses de outro cara Ficamos 7 anos. Agora tomei bica e fui chamado de brega porque estou sÃ³ estudando pra concurso. NÃ£o bebo ,nÃ£o fumo.JÃ¡ ela preferiu me lagar e voltar a fazer e fumar e provavelmente  ficar com outros..FUI TROUXA ASSUMIDO",0
Ela precisa de ajuda psicolÃ³gica para sair da bolha .,1
o Marcos eberlin estudou Ã© professor etc...e aÃ­? E vocÃª Ã© Oque mesmo?,0
"""nem tudo o q voce ve na internet Ã© real."" eu diria q quase tudo Ã© ficÃ§Ã£o. :)",0
"a mesma conversinha de sempre""sertanejo faz apologia a bebida""MAS BEBER NAO Ã‰ CRIME PORRA, puta que pariu... Ã© dificil de entender, Ã© dificil demais",1
"COMO Ã‰ SEU NOME? Ã‰ Alcides, mas pode me chamar de Carol...Ã© Carol, e nÃ£o carai, vice?",1
Olha a porcaria que esse paÃ­s estÃ¡ se tornando bicho. Esses infelizes que fizeram o L ferrou todo mundo ğŸ¤¦ğŸ½â€â™‚ï¸ğŸ¤¬,1
"Todo mundo aqui nessa comunidade sabe que esse papo de mulher Ã© caro Ã© pra beta, normal e sub-five, quem Ã© CHAD come sem gastar um Real e com poucas ideias.",1
"cara  ,nÃ£o tem muito cara ricos mas talvez classe medias.  ricos mesmo ambos lados tem  amantes e so importam com social .",0
Ainda tem um grupinho que coloca na cabeÃ§a dos desavisados que nÃ£o vale a pena fazer faculdade. Pois na minha opiniÃ£o vale sim foi o que me ajudou a sair da vida de domÃ©stica trabalhando muito e ganhando pouquÃ­ssimo.,0
BOA NOITE PARABENS COLIDER MT ABRACOS  e BEIJOS â¤â¤â¤,0
"atÃ© porque q carne tÃ¡ um absurdo de caro, bom mesmo Ã© valorizar seu gordinho !!",0
"Uma vez meu pai foi comprar tenis comigo, e tinham lanÃ§ado um Le cheval da hora, eu pedi ele disse vocÃª vai calÃ§ar o que o meu dinheiro der, nÃ£o o que vocÃª quer..",0
"Quem nasceu pra ser corno, sempre corno",1
"  em idade para relacionamento nÃ£o velhota, tia!ğŸ¤·ğŸ¼",1
"Ele pulou uma fogueira de costa, ele se livrou de um grande problema",0
"  os dois, e se fosse pra ser sÃ³ um, provavelmente seria o homem, jÃ¡ que estatisticamente mais de 90% dos crimes violentos mundiais sÃ£o cometidos por homens",0
Depois dos 30 anos elas querem que aqueles caras que elas rejeitaram no passado assuma compromisso com elas.,1
"O cara quando quer ser politicamente correto no relacionamento , sÃ³ tem uma frase que pode resumir esse comportamento: Quer se lascar?? Se lasque...",1
CANSADA EU FIQUEI SÃ“ DE OLHAR PRA BURRA.,1
"Os homens podem sofrer todo tipo de violÃªncia no Brasil e nÃ£o tem proteÃ§Ã£o estatal , realmente nÃ£o estÃ¡ dando pra viver no Brasil . AlÃ©m da carga tributÃ¡ria e este socialismo que aÃ­ estÃ¡ tem estas leis sexistas e misÃ¢ndricas que nÃ£o param de aprovar . Ã‰ absurdo ! Este SC e Es sÃ£o os estados onde fazem mais leis assim , estados feministas , realmente estou com ranso mais ainda do Brasil !",1
Engole o choro. Assuma as consequÃªncias.,1
"Se elas tem carÃ¡ter, pra fazer todos estes filhos. Precisam ter responsabilidade pra criar estes inocentes",0
VocÃª escancara a diferenÃ§a entre uma resposta inteligente e uma viagem alucinÃ³gena,0
Os boy 5 temporada ğŸ˜…capitÃ£o pÃ¡tria e luz estrela,0
"Ã‰ por isso que muitas mulheres querem casar, elas sabem que quando o divÃ³rcio chegar, elas ficarÃ£o com todos os bens materiais dos homens, deixando a manginada ilidida na bancarrota. Realmente, as mulheres modernas estÃ£o completamente insanas , as leis mais insanas ainda. Marriage Strike now !",1
"Esses sÃ£o os dilemas da juventude, depois de adulto piora",0
"Hoje, infelizmente, ta cheio de oportunista por ai. Uma mulher de alto valor, com o perfil compativel a esse cara e raridade tambem. Tem mais e que ficar esperto mesmo.",1
"Todo castigo pra essa lacradora ai Ã© pouco, reseta a Km e volta a ser virgem com cirurgia, vai ver alguÃ©m quer. ğŸ˜‚ğŸ˜‚ğŸ˜‚ğŸ˜‚",1
Uma coisa que aprendi na vida Ã© que ninguÃ©m dÃ¡ nada a ninguÃ©m! Quem estÃ¡ atrÃ¡s do jogo quer o dele e lÃ³gico induzindo as pessoas.,0
E homem (de valor) nÃ£o Ã© pra nenhum buraco de esgoto qualquer nÃ£oâ˜ğŸ½,1
Isso quer dizer dizer quando a mulher quer traiir ninguÃ©m segura,1
ğŸ”´ğŸ”´ğŸ”´ğŸ¤ªğŸ¤ªğŸ¤ªCOMTE FARINACEO VIROU PIADA NO 5X5YTUBE. SÃ“  DÃ  PALPITE ERRADO. NÃƒO  DÃ  UMA DENTRO,1
Ainda bem que abandonei essa vida balada custei para acordar para essa realidade.,0
"Juliana Ã© kinder ovo vem com uma surpresa no meio,cuidado senhores estÃ£o cada vez mais disfarÃ§ada querendo nos enganar ğŸ˜‚ğŸ˜‚ğŸ˜‚ğŸ˜‚ğŸ˜‚ğŸ˜‚",1
"A VIDA ME DEU MUITA PORRADA, MAS GRAÃ‡AS A DEUS EU VENCÃ!MAS MESMO ASSIM A GENTE AINDA APANHA!",0
Nem toda sogra mas sempre uma sogra,1
"Quer um beijo, em troca de um balde de cerveja, Ã© humilhante de ambas as partesğŸ˜®",1
Tanta idiotice!!! Homem virou virgens?! ğŸ˜‚,1
"Nem olho pra elas, vou fico ouvindo mÃºsica e cara fechada tÃ©rmino meu treino vou embora",0
ParabÃ©ns para todas as mulheres â¤â¤â¤,0
Ã‰ como eu disse: Pode ser um coach de autoajuda. Pode ser um coach para mulheres. Mas estÃ¡ a anos luz de distÃ¢ncia de ser produtor para conteÃºdo masculino.,0
"@  Pergunte pro seus polÃ­ticos. Acho que Ã© atÃ© impressionante que eles permitam as pessoas se esterilizarem aos 21 sem ter filhos, considerando nossa crise demogrÃ¡fica. Se vocÃª tem entre 18 e 21 talvez vocÃª possa criar uma histÃ³ria e mentir que jÃ¡ tem 2 filhos, se nÃ£o me engano eles nÃ£o investigam nada.",0
"Agora ela estÃ¡ no modelo ideal do mundo das feministas, mÃ£e de pet e muito provÃ¡vel em um relacionamento sÃ©rio com um ""consolo"". Que triste, uma pena... Futuramente problemas de saÃºde mental, por ser sÃ³....",1
"@  E nÃ£o se trata de ficar esperando o negÃ³cio Ã© hora e aproveita as oportunidades que Deus o manda, Deus da uma chave para abrir a porta e conseguimos o que queremos e nÃ£o a soluÃ§Ã£o dos problemas mais infelizmente existe pessoas que apenas oram e perdem as oportunidades da vida, um abraÃ§o!!!!",0
"Eu acho que o Gustavo Ã© demi-sexual,pesquisem sobre,Ã© interessante,eu tambÃ©m sou e tem muitas pessoas que sÃ£o mas nÃ£o sabem,Ã© legal saber sobre isso.",0
OXI! VC PODE AMAR E DAR O PIRIKITO PIADA DA PORRA....,1
KKK branca de neve do inferno corre vaso isso foi livramento ğŸ˜‚ğŸ˜‚ğŸ˜‚,1
Sim simğŸ˜‚ğŸ˜‚ğŸ˜‚. Isso a geral concorda 100% atÃ© as feministasğŸ˜‚ğŸ˜‚ğŸ˜‚ğŸ˜‚,0
"   Ã‰  bem  por  aÃ­   ...Quando  o  homem  manda  mensagem  pra uma mulher  , ela  vai  no perfil  dele  ver   se  compen$a  dar  atencao  pra ele  ğŸ˜",1
O homem mais ser mais homem quando ele entender que nunca vai ser amado.,0
O egoÃ­smo Ã© foda... Ã€s vezes pensar somente em si faz o outro sofrer. E quem nÃ£o tiver empatia para se colocar no lugar do outro nÃ£o vai conseguir enxergar os problemas. Quando resolver abrir os olhos serÃ¡ tarde demais.Mas Ã© isso. As pessoas nÃ£o valorizam as boas coisas que possuem. Costumam valorizar sÃ³ depois que perdem ou quando fazem as escolhas erradas.Ã‰ como esse marido imbecil.,1
"Tenho uma filha com uma epilepsia refrataria que nÃ£o tem cura nem controle e hiperatividade (TDH)  e nÃ£o tem qualquer problema em se comportar pq sempre eduque com limite e com verdade: quando Ã© nÃ£o  Ã© nÃ£o sem ceder, e quando Ã© sim Ã© pq pode. Como nunca menti ou chantageei ela seja com o que for, ela apesar das suas limitaÃ§Ãµes  entende perfeitamente as duas situaÃ§Ãµes. Hoje os pais se isentam da sua funÃ§Ã£o: educar!",0
O que tem a ver vacina convide com AIDS ? Existe vacina preventiva contra AIDS ? Tu tÃ¡ sabendo legal,0
Que lindos! Ã‰ isso mesmo o importante sÃ£o as boas atitudes que sÃ³ vcs dois compartilham!,0
"Gostei desse episÃ³dio e da convidada, ganhou mais um inscrito nas redes!",0
O Felipe nÃ£o sabe fazer a conta dos 50%.,0
"Homem hj para sobreviver no mercado da mÃ­dia tem que ""desconstruir"" caras ganham grana, mas vivem como vermes..dependentes emocionais!",1
"Kkkk homens achando que mulheres se arrumam para eles. Outra coisa,  pq serÃ¡ eles sempre estÃ£o de olho nas que se arrumam.  Que se maqueiam!  Eles preferem as mulheres sem maquiagem pq assim nÃ£o chamam atenÃ§Ã£o.",1
"Mano, Ã© mulher e nÃ£o cunhÃ£s. Segundo, esses hobbies nÃ£o estÃ£o meio ultrapassados nÃ£o? Tipo, eu curto HQs tambÃ©m e tals mas Supernatural? Aquela sÃ©rie Ã© muito podre.",1
Tradicionalismo= Ginocentrismo,1
"Nunca beije uma mulher sem conhecer, beijei uma moÃ§a que se dizia crente e peguei uma virose que me deixou bem doente, nessa brincadeira gastei mais de R$ 700 pilas em antibiÃ³ticos, meu mÃ©dico disse que isso dava muita em pessoas promiscuas que frequentam baladas e trocam de parceiros constantemente.",1
"O abjeto de estudo de um socialista Ã© o capitalismo. EntÃ£o nÃ£o, n sÃ£o Ã¡reas distintas",0
"Verdade cara, quando o cara Ã© certinho Ã© mais difÃ­cil arrumar mulher",1
"UÃ©, eu demorei pra casar por isso, sÃ³ que fiquei viÃºva, exemplo de casa, meus pais se conhecem desde os 7 anos e sÃ£o casados a 45 jÃ¡, viveram todas as dificuldades e estÃ£o aÃ­ firmes e fortes, tive outros namoros antes de casar, mas, na minha famÃ­lia divÃ³rcio sÃ³ em Ãºltimo caso, tipo violÃªncia mesmo. EntÃ£o, optei por nÃ£o ficar pois via que a pessoa nÃ£o seria compatÃ­vel de estar junto quando tudo estivesse difÃ­cil. Casei sÃ³ com 35 anos, sÃ³ que no meu caso foi uma fatalidade msmo. No caso Ã© mto simples resolver o problema patrimonial, pre-nupcial e separaÃ§Ã£o total de bens, eu jamais me casaria em comunhÃ£o alguma de bens. Pq eu tambÃ©m nÃ£o quero perder os meus.ğŸ˜…",0
Ainda tem Mulher usando seus NeurÃ´nios que bom que nem Tudo tÃ¡ Perdido ainda tem Gente Decente em meio a tanta Sacanagem ğŸ¤”,1
alta aula sim senhora acredito que tenha muitas alunas kk,0
"FATO ! Mas nem todos percebe isso, lamentÃ¡vel",0
"Eu jÃ¡ nÃ£o estaria aqui no Brasil mais , para ele falar em recaÃ­da,",0
50 mil Ã© pouco. Falta ainda o boicote a esse tipinho de empresa!,1
Vim pela mÃ£e adotiva di Gustavo que comentou a entrevista.,0
Querem tantas qualidades do sexo oposto mas na hora que se relaciona com alguÃ©m que preste elas prÃ³prias estragam com mimimi,1
"Admiro esse pai extremamente porque eu sigo a mesma educaÃ§Ã£o com o meu filho.NÃ£o bato, nÃ£o desrespeito ele, mas ensino os valores e sou firme quando necessÃ¡rio para que ele entenda as coisas.Isso Ã© educaÃ§Ã£o positiva, nÃ£o quer dizer que nÃ£o se pode dizer nÃ£o para o filho mas sim que devemos fazer com que entenda os valores e as consequencias dos atos.",0
" Â  puts pensei que estivesse me zoando, perdÃ£o!",0
Em RatanabÃ¡ junto com o Chad ET Bilu,0
"Para surpresa de zero pessoas, a cuiÃ© tava com raiva do cara ser feliz.",1
"Aconteceu isso comigo tbm, ele ficava assistindo vÃ­deo de mulheres semi nuas no YouTube fui questionar ele saiu de casa",0
Antigamente elas gostavam de homens trabalhadores pq elas nÃ£o tinham essa mentalidade e desejos e esses absurdos de privilÃ©gios que elas tem hoje em dia,1
"@ -iz6cnSe nÃ£o vai pagar nÃ£o vai comer , Ã© namoro mas vai querer sexo nÃ© ? EntÃ£o nÃ£o paga nÃ£o come ğŸ˜‚",1
"Cara, de verdade. Adoro a bianquinha, mas o TANTO que ela defendeu casas de apostas aqui chegou a me despertar raiva, o Arthur deixou claro por ""A"" mais ""B"" que, isso estÃ¡ gerando um enorme problema para o brasileiro, e via de regra o Brasil mÃ©dio, Ã© POBRE. A linha argumentaÃ§Ã£o dela toda foi com base em duas coisas:1Â° Liberdade.  Arthur conseguiu aprofundar o tÃ³pico  suficientemente para  entender o quanto a famigerada ""liberdade irrestrita"", nÃ£o existe em sociedade, uma vez que se ela (bianquinha), percebe a complexidade da subjetivaÃ§Ã£o do que Ã© a liberdade em sociedade, ela parte para a segunda linha de defesa;2Â°Impossibilidade. Basicamente quando a prÃ³pria sÃ³ se baseou no seguinte "" A, mas tentaram tirar a Blake 40 vezes e nÃ£o conseguiram, a Internet Ã© complicada Arthur"", quanto a esse argumento nem preciso dizer muito, se o Brasil hoje Ã© um dos maiores em homicÃ­dios e comeÃ§a a criar medidas pÃºblicas para resolver esse problema social, mesmo que chegue quase a zero, sempre haverÃ¡ algum homicÃ­dio, entÃ£o, pela mesma lÃ³gica, se nÃ£o hÃ¡ como impedir um problema em absoluto, para que tentar nÃ©. Resumindo, realmente me revolta divulgadores defendendo essas merdas que para o BRASILEIRO, Ã© absolutamente danoso.Obs: Nem mencionei o momento em que ela tentou defender casa de aposta com o raciocÃ­nio de que Ã¡lcool tambÃ©m Ã© danoso e Ã© legalizado, o prÃ³prio Arthur disse ""Dois erros nÃ£o fazem um acerto""PS: te adoro bianquinha.",1
"Eu rapaz que trabalhava comigo como entrevistador do IBGE era muito frustrado por que namorava uma estudante de medicina e quando ela se formou, ela o largou.",0
"Mano kkkkkkkkkkkk, como ela veio parar aqui, isso claramente Ã© um personagem que ela faz, os vÃ­deos dela sÃ£o muito bons",0
"Kkkkk e bom quando um infeliz engravida a mulher e some antes do filho nascer, e esse camarada ajudando essa egua ainda acha ruim",1
"OlÃ¡ rosilene, que remedio vocÃª toma para convulsÃ£o? VocÃª tem filhos? Pergunto porque minha filha toma trileptal para convulsÃ£o e tenho receio de quando ela engravidar por causa do remÃ©dio. Vai ter que tomar pro resto da vida porque teve um AVC quando crianÃ§a. Ficou bem atÃ© que as 14 anos teve novamente e desde entÃ£o nunca mais parou. Tentamos tirar mas quando estava quase parando teve crise novamente.  O mÃ©dico mandou continuar pra sempre agora. JÃ¡ estÃ¡ com 22 anos.",0
"@  respondi teu comentÃ¡rio ontem mas parece que minha resposta foi removida, ou vamos dizer que sumiu misteriosamente, porque eu pelo menos nÃ£o consigo encontra-la, entÃ£o estou respondendo novamente. Vamos lÃ¡.Piada pronta para mim Ã© homem que precisa usar um aplicativo de paquera para conseguir uma mulher.Homem de verdade nÃ£o precisa se rebaixar ao uso desse tipo de porcaria, que nÃ£o passa de uma versÃ£o digital de mercado de pedaÃ§os de carne, onde pessoas que nÃ£o tÃªm nada a oferecer alÃ©m de seus corpos se submetem a esse tipo de baixaria.Homem de valor nÃ£o precisa e nÃ£o procura mulher em aplicativo de paquera, boteco, balada, pancadÃ£o ou casa de prostituiÃ§Ã£o.Homem de verdade tem plena capacidade de encontrar uma mulher digna, de Ã­ndole compatÃ­vel com a sua prÃ³pria, em ambientes saudÃ¡veis que normalmente ele jÃ¡  frequenta.Dizer que hoje em dia nÃ£o existe mais mulher de valor Ã© a desculpa mais esfarrapada que um homem pode usar para justificar sua prÃ³pria capacidade de encontrar uma mulher para um relacionamento sÃ©rio, baseado no respeito mÃºtuo e construir uma famÃ­lia, porque a existÃªncia de pessoas imprestÃ¡veis nÃ£o Ã© uma exclusividade desta geraÃ§Ã£o: vagabundos e vagabundas sempre existiram, desde que o ser humano comeÃ§ou a caminhar no mundo.Dizer que a cafajestice aumentou Ã© correto, mas jovens decentes tambÃ©m existem nos dias de hoje. Ã‰ verdade que estÃ¡ mais complicado nos dias de hoje, atÃ© por causa da legislaÃ§Ã£o que favorece a canalhice, mas nÃ£o Ã© impossÃ­vel.Agora, nÃ£o dÃ¡ para concordar com homem que procura mulher em antro de vagabundas para se relacionar, sÃ³ tem olhos para aquelas que se comportam como prostitutas, se envolve com esses trastes e depois que se ferra, vem aqui dizer que nÃ£o existe mulher decente, que sÃ£o todas iguais.Para mim, homens que fazem isso nÃ£o se diferem em nada das mulheres que rodam na mÃ£o de dezenas de vagabundos brincando no carrossel do senta-e-quica e depois ficam cacarejando que os homens sÃ£o todos iguais.Homem de verdade consegue, sim, selecionar o joio do trigo e construir uma famÃ­lia com uma mulher de Ã­ndole compatÃ­vel com a sua.Homem de valor que escolhe viver solteiro Ã© raro mas tambÃ©m existe, desde que consiga viver sem sexo casual, caso contrÃ¡rio nÃ£o Ã© de fato um homem de valor.Porque homem que diz que Ã© solteiro mas cada dia pega uma mulher diferente, vivendo como um cachorro vira-latas, nÃ£o Ã© homem de valor, ao menos nÃ£o sob a rÃ©gua de valores morais que eu respeito. NÃ£o passa da versÃ£o masculina das mulheres que fazem a mesma coisa e que ele prÃ³prio vem aqui hipocritamente criticar.Porque jÃ¡ disse em outro comentÃ¡rio, e repito: se vocÃª consegue dizer com toda honestidade que nÃ£o consegue encontrar e nÃ£o conhece pessoalmente nenhuma mulher honesta, digna, decente, entÃ£o lamento dizer, mas o problema estÃ¡ nos ambientes que vocÃª frequenta e no teu cÃ­rculo de amizades.Diga-me com quem andas e te digo quem Ã©s. Isso tambÃ©m Ã© piada pronta para vocÃª?",1
"Se fosse nos anos 80, sÃ³ o chinelo jÃ¡ resolvia.... Sonho realizado com sucesso e uma chinelada no crÃ¢nio ğŸ˜…",1
"Ore para que quando ele cresÃ§a, permaneÃ§a com esses sentimentos amorosos com a mÃ£e e o pai tambÃ©m. ğŸ‰ğŸ‰ğŸ‰",0
So pela sobrancelha e pelo cabelo vcs ja sabem neğŸ˜‚,1
"E outra vc nÃ£o tem que achar ND, deixa o cara viver a vida dele",0
"Toda vez que uma mulher fala da vida financeira de um homem, sei nÃ£o hein...",1
"A maioria das pessoas ostentam na rua,mas quando chega em casa abre a geladeira Ã© sÃ³ Ã¡gua e gelo.",0
"Todo aquele povo que gosta de trabalhar e torce pelo progresso desse pais esta se solidarizando com o Rio Grande do Sul,  povo do norte Nordeste, sudeste e centro-oeste. â¤",0
"Minha filha ficou 3 meses aguardando uma fisioterapia (que deve ser feita atÃ© os 6 meses de idade) pra tratar um torcicolo, ela tinha 2 meses, agora estÃ¡ com 5 e eu mesma fiz a fisioterapia em casa pois atÃ© hoje nem sinal do encaminhamento",0
"Acho que eu sou um viajante do futuro. Nunca fui em balada, nunca fiquei bebado e nunca fui um apaixonado por essas patifarias de festas relacionadas Ã  libertinagem ğŸ˜…As MOLIÃ‰RES na verdade amam um Ã¸nlyfans, um vibradorzinho rosa ğŸ©· e com uns gemidos falsos e orgasmos interminÃ¡veis arrancam da maneira mais fÃ¡cil do mundo o NÃ­quel ğŸª™ dos homens emocionados Ã¡vidos por uma imagem de carne mijada.",1
Fuja para as montanhas...o casamento Ã© repasse de bens para as mulheres...a escolha Ã© sua?????,1
Nada que um socÃ£o na boca nÃ£o resolva,1
A igreja evangÃ©lica Ã© a maior falcatrua Ã¡ face da terra ğŸ˜‚,1
"Pode ter sido pior do que isso: pode ela ter dito isso para ele ficar com nojo e nÃ£o querer beijar ela, mas quem estava com nojo dele era esse dragÃ£o que queria um moreno tatuado com cara de bandido! Vai saber. Delas se espera tudo!",1
@  VocÃª reivindica o direito de se nivelar a homens devassos? VocÃª sabe do mal que esses seres fazem para as mulheres e para si prÃ³prios?,1
Se o soldado nÃ£o encapou a arma vai levar um golpe,1
"O simbolo maior nessa area Ã© o Gabriel. Ta certo que armaram pra ele mas, ele caiu pela libido.",1
"Eu nÃ£o sou do nivel do Caua, mas eu tambÃ©m tenho minhas exigÃªncias! Quem vai querer essas tranqueiras que nÃ£o vale a pena se quer sair de casa prÃ¡ encontra las e perder um precioso tempo com quem nÃ£o tem nada a oferecer?",1
A gente precisa mesmo e de Deus,0
Concordo plenamente...sem noÃ§Ã£o,0
O contrÃ¡rio tÃ¡ aq na minha cueca,1
"Ela foi internada, e foi comprovado que ela tem problemas mentais e toma atÃ© remÃ©dios controlado.Por que vcs estÃ£o tratando como se fosse uma falta de carÃ¡ter  ???? ğŸ¤·ğŸ¾â€â™‚ï¸ğŸ¤·ğŸ¾â€â™‚ï¸ğŸ¤·ğŸ¾â€â™‚ï¸ğŸ¤·ğŸ¾â€â™‚ï¸ğŸ¤·ğŸ¾â€â™‚ï¸ğŸ¤·ğŸ¾â€â™‚ï¸ğŸ¤·ğŸ¾â€â™‚ï¸ğŸ¤·ğŸ¾â€â™‚ï¸ DoenÃ§a Ã© uma questÃ£o de carÃ¡ter  ?????? Vcs que sujam a imagem da redphill.",1
Acabou o relacionamento....eu espero que sim...por ele,0
"Isso Ã© mÃ£e ğŸ¤® sem noÃ§Ã£o, parabÃ©ns a vc Vitor ğŸ‘Š vai ser feliz menino, segue acreditando em Cristo, tenha sua FÃ©, Deus estÃ¡ com digo sempre ğŸ«µğŸ‘ğŸ™",1
Que nem aquelas 700 mil crianÃ§as que foram consoladas pelos p ?,0
"Sugar recursos Ã© da natureza feminina meu caro. As lÃ¡grimas delas tem efeito no nossos hormÃ´nios, evoluÃ­ram pra isso.",1
Falta de sabedoria !Mulher virtuosa quem a acharÃ¡s!,0
"Ã‰ VERDADE QUE O CARA ESTAVA COM UMA PROTUBERÃ‚NCIA ELEVADA NO SHORT POR ISSO AQUELA BOLSA NA FRENTE, OLHOU PRA ELA FICOU EXCITADO, LÃ“GICO MUITO EXAGERADO VAMOS ADMITIR MAS A MOÃ‡A COMPLETAMENTE EXASPERADA TAMBÃ‰M SAIU FORA DE CONTROLE, ELA EXPÃ”S O HOMEM E ACUSOU FEZ MUITO ERRADO O QUE DEVERIA TER FEITO Ã‰ TER SAÃDO OU IGNORADO O CARA POIS ELE NÃƒO PROFERIU NENHUMA PALAVRA IMPORTUNANDO ELA. SE O CARA FOSSE UM CHAD RICO A HISTÃ“RIA SERIA DIFERENTE",1
NÃ£o hÃ¡ como superar o remÃ©dio indicado pelo Don para evitar isso: nÃ£o casar nem se relacionar seriamente nem ter filho. Somente assim o homem se livra dessa armadilha.,1
MiquÃ©ias Endrick Enzo da Silva Jr.,0
"Isso Ã©  carÃ¡ter, jÃ¡  vi casos  parecidos, mas,tem uma coisa nisso  tudo  que a maioria  nÃ£o  presta a atenÃ§Ã£o, sÃ£o  os SINAIS, traiÃ§Ã£o financeira, conjugal ou outra qualquer  comeÃ§a  aos poucos, levam o relacionamento  a diante   sem buscar  pelo amparo  de DEUS, entÃ£o  ,sozinhos  nos fragilizamos, e o inimigo  se aproveita  pra fazer sua destruiÃ§Ã£o...",0
"Olha, sei nÃ£o, um bola gato por uma pizza de 60 pila e uma carona, fazendo minhas contas e considerando o preÃ§o dos programas por aqui... olha que mando entregar a pizza pra nÃ£o ter que aturar a conversa furada e me paga o bqt ali mesmoğŸ˜‚",1
Ela faz tudo com esse primo....,0
Esta correto nao respeitou a pessoa que trabalha para manter uma famÃ­lia,0
Sou uma mulher surtada e tambÃ©m Ã© claro que ele tem que ter um par de chifres depois de tudo issoğŸ˜‚,0
As mulheres estÃ£o ficando sÃ³. Os homens estÃ£o pensando muito antes de se casar.,0
"""Nega dinheiro, ela fecha as pernas""Isso ai tem um nome.",1
"QUE PAPEL LAMENTÃVEL ESSE VÃDEO HORROR ğŸ¤ŒğŸ¤ŒğŸ¤ŒğŸ¤ŒSE PRESTAR A UM PAPEL DESSES .... COMPETÃŠNCIA PRA ARRUMAR UM ZERO ,âœ‹ğŸ˜’ NAO TEM ......VAI SE TRATAR MINHA FILHA URGENTE",1
"@  SÃ³ adicionando um detalhe, nÃ³s nÃ£o somos ocidentais. Ocidente Ã© sinÃ´nimo de Europa, cultura ocidental=cultura europeia, os Ãºnicos paÃ­ses ocidentais fora da Europa sÃ£o paÃ­ses de populaÃ§Ã£o praticamente toda europeia como CanadÃ¡, EUA, AustrÃ¡lia e NZ.Na AustrÃ¡lia 90,2% da populaÃ§Ã£o Ã© branca, no Brasil se for medir pela mesma rÃ©gua deles duvido que de mais de 10% de brancos. Eu mesmo pareÃ§o uma pessoa do oriente mÃ©dio e sou considerado branco.",1
Sempre tive Ã³timas experiÃªncias todas as vezes q precisei do SUS. Acho q depende de onde a pessoa mora. Tenho plano de saÃºde e jÃ¡ marquei consulta em novembro pra ser atendida em fevereiro. Acho q tudo depende...,0
ParabÃ©ns!Seu marido Ã© um homem felizğŸ˜Š,0
Cavaleiros brancos presentes em todo o Brasil e pagando caro por isso,0
NÃ£o tem jeito mano ou vocÃª se desenvolve ou vocÃª nÃ£o vai melhorar a sua vida!,0
Tomara que ela arranque muita grana desse trouxa...,1
Por isso falo: amor Ã© lorota quem manda Ã© a nota,0
"90% DAS MULHERES,  SÃƒO  DO "" JOB"". PIRANHAS, MESMO.",1
Ã‰ melhor sozinho do que mal acompanhado com a dignÃ­ssima dessa aÃ­ toda chatağŸ˜‚ğŸ˜‚ğŸ˜‚ğŸ˜‚ğŸ˜‚ğŸ˜‚,1
O cachorrinho mais feliz que lambari no aÃ§ude kkkk,0
"Foi o que eu falei, vou empilhar tantas provas que sÃ³ os malucos vÃ£o continuar teimando",0
@  caras que nÃ£o conseguem se comprometer em um relacionamento e depois ficam culpando a sociedade. Assim como as mulheres tambÃ©m fazem. NÃ£o Ã© difÃ­cil pensar um pouco.,1
"ParabÃ©ns por sua batalha, por ter se curado do cÃ¢ncer, pela sua independÃªncia e exemplo para sua filha e outras mulheres.Deus te abenÃ§oe sempre.",0
colher nas forÃ§as armadas ??  em igualdade ??  com todo rigor com que passa o soldado ??   custo a crer ..nÃ£o creio ...mas uma pauta da polÃ­tica de perspectiva de genero ...isso vai lascar as forÃ§as armadas de vez ...,1
"Ã‰ impressionante a quantidade de pais que nÃ£o tem cuidado com os filhos simplesmente porque ""acham"" que nada de ruim vai acontecer.  NÃ£o quer ter trabalho  ?  NÃ£o tenha filhos.",0
E ele ainda na dÃºvida se deve cair fora carÃªncia Ã©  f...,0
Poderia dar os crÃ©ditos dos vÃ­deos que usa no canal.,0
"Eu faÃ§o amizade com as mÃ£es que levam filho no Parquinho uai.. ğŸ˜…ğŸ˜…ğŸ˜…. Quando vocÃª gosta da conversa da pessoa, nÃ£o tem nada demais. NÃ£o vi nada alÃ©m de uma fofoqueira sem noÃ§Ã£o, ouvindo a conversa dos outros e ainda vindo passar vergonha no yt ğŸ˜‚ğŸ˜‚",1
Verdade o cara que errou foi emocionado,0
Em nome de Jesus ..o caminho dele serÃ¡ desviado dessa Capeta ..,1
"A questÃ£o Ã© ainda mais complexa porque envolve tambÃ©m a maternidade o que estÃ¡ afetando visivelmente a atual geraÃ§Ã£o e assim sucessivamente. NÃ³s mulheres devemos nos voltar para o feminino sagrado, para entender qual de fato Ã© o nosso papel dentro da sociedade e conquistar o nosso verdadeiro espaÃ§o.",0
"Mulher nao presta cara , e o pior , tudo que elas falam e inventam todo mundo acredita isso que Ã© a merda",1
Cada dia que passa vejo que relacionamento e pura merda! Mulher ta cada dia mais sebosas,1
Falou a golpista que quer mais dinheiro do ex !!! Trabalhar ela nÃ£o quer,1
O Ale Ã© otimo!! Otimas perguntas Ale!! Parabens Dra. Diva e junior fique com o Ale que ele Ã© muito bom!!!,0
Acaba com o homem que agregar ao trabalho dele essa dignÃ­ssima,1
"Ei Copini, estou aqui! GratidÃ£o pelos seus vÃ­deos sempre necessÃ¡rios.",0
Duas almas penadas numa academia enorme e ela quer a janela do cara? Tem gente que sai de casa pra monetizar com visualizaÃ§Ã£o. Celular deveria ser proibido em academia.,1
Logo vai ter PensÃ£o para as Samambaias.ğŸ˜‚ğŸ¤¡,0
O judiciÃ¡rio Ã© canalha e Ã± se preocupa com a justiÃ§a.,1
"Lindo ğŸ˜Š   hoje completo 14 anos de casada e 19 anos no total, junto com meu esposo.Tenho 30 anos, conheci meu esposo aos 10 anos.Crescemos juntos viramos amigos , namoramos , noivamos e casamos.Hoje temos 01 ap em bairro considerado nobre, 01 filho e 01 cachorro rs...Provavelmente olham pra mim e dizem que casei por interesse tbm ğŸ˜‚ sou 6 anos mais nova que ele ğŸ˜ŠMuitos desafios, brigas Ã© impossivel nao ter rs, quase separaÃ§ao tambem diversas vezes..Porem quando entendi que pra dar certo temos que colocar Deus em primeiro lugar das nossas vidas, tudo flui muito melhor.Sou uma mulher feliz e submissa ao meu marido com toda honra e prazer â¤",0
Esse cara meio tipo bandido ou mal carÃ¡ter jÃ¡ fez o seu papel do mal. O que ele sabe a respeito da vida dessas pessoas para se achar juiz de relacionamento de casal.RidÃ­cula a atitude dessa criatura sombria.,1
Verdade! Alexandre agrega muito ao podcast.,0
"Daqui a pouco a pessoa passa e fala:""Bom dia!"" - TÃ¡ preso!",0
Tenho 43. A conversa tava boa. Mais foi falar de 7a1. NÃ£o vou nem falar doq se trata.ğŸ˜…ğŸ˜…,0
Robocop tinha tudo isso e ainda tinha o ginasial completo.,0
"Falou certinho, o problema Ã© a mulher. Sigo sÃ³ e feliz.",1
