original_id,original_prompt,llm_response
comentario_306692,Ã‰ pior que a maioria delas se orgulham do passado delas. Ainda bem que o cara descobriu se nÃ£o estaria condenado a viver em um inferno pelo resto da vida.Esse rapaz teve foi um livramento dos grandes e com certeza deve ter dado testemunho a outros. O futuro de uma pessoa ser bem sucedida na vida Ã© ter um bom currÃ­culo e bom histÃ³rico  no passado para que o  futuro serÃ¡ excelente e prÃ³spero na vida.,1
comentario_570789,"sempre Ã© assim quando Ã© pego comeÃ§a chorar kkkkkk, e ainda culpa os homens Ã© brincadeira absurdo",1
comentario_1496932,Imagina aguentar essa doida berrando no teu ouvido todo santo dia.,1
comentario_902047,"TaMas era sÃ³ um questionÃ¡rio para registrar sua profissÃ£o. LÃ¡ nÃ£o tem opÃ§Ã£o de explicaÃ§Ã£o sobre Oque Ã© ser uma dona de casa, entÃ£o isso foi em vÃ£o somente para seu reconhecimento.",0
comentario_733830,"Os bovinos agradece pelas referÃªncias dos mugidos padrÃ£o. MMMÃºÃºÃºÃºÃºÃºÃºÃºÃºÃºÃºÃº... ., ğŸ‘€ğŸ‚ğŸƒğŸ¦¬ğŸƒğŸ‚ğŸ˜‚ğŸ˜‚ğŸ˜‚ğŸ˜‚ğŸ˜‚ğŸ˜‚",0
comentario_311009,Cara que pega mulher casada tem que ter consciÃªncia que um dia a conta pode chegar e tenho atÃ© o valor e os valores sÃ£o 38.  380  ponto 40 ou outros calibres entÃ£o tomem cuidado,1
comentario_1583300,"VERDADE CRIA JUIZO PAIZÃƒO,  METE MARCHA",1
comentario_2338218,"Meu pai um dia me disse nunca coloque um anel de brilhante em uma mÃ£o lisa, e cuidado com o sorriso das feras.",0
comentario_836429,"Acho q sou beta ceboso, tenho fobia social e percebo q isso me distÃ¢ncia das pessoas, principalmente mulheres enfim tbm sou beta nerd sou terrÃ­vel em esportes e sou calvo , gosto de falar de filmes, sÃ©ries,animes e teorias da conspiraÃ§Ã£o.Infelizmente isso Ã© pouco a atraente para as minas",0
comentario_430194,Concordo com vocÃª...Conselhos bons para a realidade da maioria do povo.,0
comentario_2608796,ParabÃ©ns pela sua atitude...Um homem de alto valor nÃ£o fica sem trabalho porque quer.As fazes da vida chega pra todos... nÃ£o importa se Ã© homem ou mulher.,0
comentario_2756954,"HOMENS, nÃ£o se iludam com essas mulheres/feministas, narcisistas, tÃ³xicas e abusivas atualmente, pois se vocÃª quiser ter sÃ©rios e graves problemas na sua vida, passar por situaÃ§Ãµes idÃªnticas e muito piores a que outros homens estÃ£o passando ou jÃ¡ passaram, se tornar refÃ©m, ter a sua vida transformada num caos, num calvÃ¡rio, num inferno, perder a sua paz, a sua sanidade mental, a sua tranquilidade, a sua qualidade de vida, sua saÃºde, suas forÃ§as, suas Ã³timas noites de sono, seu bem-estar, sua alegria de viver, seu sossego, a sua liberdade, seu dinheiro/patrimÃ´nio, sofrer falsas acusaÃ§Ãµes e ainda poder ser preso. Ã‰ muito fÃ¡cil: seja mais um a cair no golpe do namoro firme, do ficar noivo, do morar juntos e do casamento. NÃ£o tem erro, a sua vida nunca mais serÃ¡ a mesma. Assim, alÃ©m de sofrer horrores, vocÃª descobrirÃ¡ pela dor o quanto ser um homem solteiro convicto Ã© uma dÃ¡diva, Ã© maravilhoso e Ã© acima de tudo a suprema felicidade. A vida Ã© feita de escolhas. EntÃ£o, faÃ§a as suas!!! REDPILL AND MGTOW FOREVER.",1
comentario_2709199,"Enquanto isso, o Vilela do inteligÃªncia limitada quer chamar o bonzinho do Edu Guedes. AFF.",1
comentario_1551226,TÃ¡ mas Ã© daÃ­ q ela Ã© cristÃ£? PrincÃ­pios morais existem dentro e fora das crenÃ§as.,0
comentario_1351157,"Cheguei conhecer casais idosos quando era crianÃ§a, segundo os relatos deles a sociedade formada por homens e mulheres eram outro nÃ­vel, como a socidade estÃ¡ destruÃ­da! LamentÃ¡vel!!!",0
comentario_2314280,A decepÃ§Ã£o do Padrinho no inÃ­cio do vÃ­deo Ã© a mesma que a minha... KKKKKKKKKKKKKKKKKKKKKKK,0
comentario_1002073,"SÃ³ nÃ£o entendi o rapaz com uma taÃ§a de vinho na mÃ£o, com essa cara sarcÃ¡stica",0
comentario_652229,Engole o choro. Assuma as consequÃªncias.,1
comentario_34484,"cara, a mulherada de 17-18 aqui na escola tÃ¡ tudo virada na pomba gira!ğŸ˜‚ Elas tÃ£o distribuindo..vc nem chega elas que chegam...precisa correr atrÃ¡s de Tia Neide nÃ£o",1
comentario_875802,"Ela foi internada, e foi comprovado que ela tem problemas mentais e toma atÃ© remÃ©dios controlado.Por que vcs estÃ£o tratando como se fosse uma falta de carÃ¡ter  ???? ğŸ¤·ğŸ¾â€â™‚ï¸ğŸ¤·ğŸ¾â€â™‚ï¸ğŸ¤·ğŸ¾â€â™‚ï¸ğŸ¤·ğŸ¾â€â™‚ï¸ğŸ¤·ğŸ¾â€â™‚ï¸ğŸ¤·ğŸ¾â€â™‚ï¸ğŸ¤·ğŸ¾â€â™‚ï¸ğŸ¤·ğŸ¾â€â™‚ï¸ DoenÃ§a Ã© uma questÃ£o de carÃ¡ter  ?????? Vcs que sujam a imagem da redphill.",1
comentario_139225,"Rsss! ğŸ˜‚ğŸ˜‚ğŸ˜‚ ""VocÃª nÃ£o falou que a gente Ã© sÃ³ amigo? MoÃ§o,  atende ela aqui por favor!""",1
comentario_2074455,"IrmÃ£o, eu nÃ£o entendo porque as pessoas acham chocante pessoas do mundo do entretenimento que estÃ£o num relacionamento, traÃ­rem. Esperam o que?? As pessoas desse meio tem acesso a tudo e todos. Quando se tem poder, se usa. Pode ser mÃºsico, digital influencer, youtuber, artista, atleta, jÃ¡ Ã© de se esperar. Segundo ponto: no mundo nÃ£o existe justiÃ§a e nem lÃ³gica, e pra vocÃª que acredita em Deus, Deus tambÃ©m nÃ£o tem sentido nenhum. Ele faz um cara de 1,90, branco, olho azul, cabelo dourado liso, forte e ao mesmo tempo um cara deficiente feio e fala que os dois sÃ£o iguais. Acostume-se que o mundo tem sua base como a lei da selva. Se todos os nossos suprimentos e recursos acabarem, nos tornaremos assassinos, estupradores, ladrÃµes em questao de dias. E nÃ£o se importem com a moral, ela nunca existiu. Ã‰ apenas o prÃ³prio ser humano",1
comentario_2988211,Parecem 02 idiotas olhando o prato pelo celular.,1
comentario_2104858,"Reparem que o ÃšNICO que se da bem nessa histÃ³ria Ã© o cara que nÃ£o Ã© casado, vai lÃ¡, come o abacaxi e vaza,os trouxas que sÃ£o casado sÃ³ se lascam.",1
comentario_420575,"A roupa jÃ¡ define e anuncia que sÃ£o marmitas, toda vez que aparece mulher com essa falta de pano.",1
comentario_950371,"Nada a ver ,isso nÃ£o Ã© verdade ,quase todos os homens tÃ¡ nem aÃ­, quase todos estÃ£o assim no celular, nem tÃ¡ nem aÃ­ pra mulher, nada a ver ..isso vai de carÃ¡ter,",1
comentario_2990439,Ficar como segunda opÃ§Ã£o  na vida de alguÃ©m  Ã©  terrÃ­vel! Quem te deixa nessa situaÃ§Ã£o  nÃ£o  merece nem ser descartado!Olhar pra trÃ¡s  Ã©  coisas de pessoas fracas!Deus Ã©  a minha melhor opÃ§Ã£o!â¤â¤â¤â¤,1
comentario_1493220,"ParabÃ©ns pelo canal! 1Â° Sem faculdade ,2Â°Sem CNH, 3Â°Sem veÃ­culo, 4Â°Sem residÃªncia prÃ³pria, 5Â° dependente e tem dependente. #ESTOU FORA",0
comentario_2614648,"sim mano, pq mtas mulheres tbm foram violentadas ai procuram o prazer em mulher que tbm Ã© bastante, ai vira uma bola de neve pq a dopamina sobe la em cima",1
comentario_1947980,"Concordo plenamente. Um casamento nÃ£o Ã© feito para Deus, cai inevitavelmente na balanÃ§a do quero ser feliz a todo custo Ã— nÃ£o quero ter o trabalho de consertar o que estÃ¡ ruim juntos. Ã‰ uma ingenuidade achar que o casamento vai ser uma eterna lua de mel.",0
comentario_1630022,"@  sÃ³ pq a lei no Brasil Ã© falha que todas as mulheres sÃ£o ruins? A culpa por acaso Ã© de quem cria as leis ou das mulheres? Se tem homem ruim, tb vai ter mulher ruim que irÃ¡ se aproveitar das leis, principalmente no Brasil. Isso Ã± quer dizer que todas as acusaÃ§Ãµes sÃ£o falsas ou que Ã± tem mulheres que precisam de leis para serem protegidas. Sabemos que essas leis nem ajudam realmente as mulheres que precisam, jÃ¡ que muitas sÃ£o mortas e o assassino mal fica na cadeia.",1
comentario_1330622,"Ã‰ infelizmente existe esse tipo de aceitaÃ§Ã£o, o mundo vai a cada dia ficando pior.",0
comentario_1905828,"Quenha assumida , cobrou na latağŸ˜…ğŸ˜…",1
comentario_64093,Job e trabalho em inglÃªs. Kkkk sÃ³ que hj em dia em puta kkkkk ğŸ˜‚kkkk ou parado na esquina esperando um otÃ¡rio ğŸ˜‚,1
comentario_1600299,"""Nera"" esse jogador que namorava uma trans? TÃ¡ solteiro ou pulou a cerca?",1
comentario_124366,Kokk .. minha amiga ? Kkkk ta bom eu acredito no papai noel .,0
comentario_2304333,"E isto Ã© porque no casamento Ã© o homem que ainda tem senso de responsabilidade, principalmente se tiver filho, pois Ã© justamente o homem, cuja mente Ã© racional, que consegue ter nocao real da seriedade e da dificuldade de prover. E Ã© tambem o homem que tem de aguentar o tranco de abrir mao de usar sua renda para si mesmo. A donzela joga no modo facil e ainda Ã© a rainha de reclamar. Agora, sobre o video em si: que conversinha mais mole e sem substancia, apenas falas baratas e shaming. Ã‰ isto o que sobrou vindo de um cara que se acha homem de verdade e se acha mais fiel a Deus do que aqueles para quem fala?",1
comentario_1160569,nao importa o que o cara ta conseguindo fazer e sim se esta lutando ou parado,0
comentario_2550273,Isso Ã© vdd eu te admiro tbm eles amam ouvir eu te respeito acho q Ã© a melhor coisa que um homem em sua masculinidade nata ama ouvir.,1
comentario_2185826,"Sei bem como Ã© esse papo ğŸ˜‚ğŸ˜‚ğŸ˜‚ todas caem ğŸ‘ğŸ»ğŸ‘ğŸ»ğŸ‘ğŸ»ğŸ‘ğŸ», nÃ£o que eu nÃ£o tenha os planos e projetos , mas nunca iria entregar nas mÃ£os dessas oportunistas. Apenas devemos deixar a entender que elas estÃ£o inclusas nos planos .",1
comentario_1227448,desde de quando ficar junto o dia inteiro Ã© um benefÃ­cio para o cara?,0
comentario_710799,"ParabÃ©ns pela sintonia. Quem achar, achou. Ganhou na loteria. A ExceÃ§Ã£o sÃ³ confirma a regra. A regra de que nÃ£o vale a pena assumir uma mulher hoje em dia.",1
comentario_2314212,pois ela se sente presa Ã© so ele da a carta de alforia pra ela ..que cada um procurar alguem que estar a seu nivel,1
comentario_911603,O veneno escorreu no canto da boca!!! KkkJÃ¡ vi vÃ¡rios amigos se ferrando desse jeito!!!,1
comentario_834587,"O abjeto de estudo de um socialista Ã© o capitalismo. EntÃ£o nÃ£o, n sÃ£o Ã¡reas distintas",0
comentario_2558219,Ele ta certo. Eu sou bi e to preferindo femboys. Esses sÃ£o um amor de pessoa. Me tratam como Deus.,1
comentario_2974321,"Tbm acho, pode ser um filtro sim...se inicialmente o cara ja aceitar dar dinheiro, com certeza ele nÃ£o serve...pq vai acabar dando dinheiro pra qualquer pessoa que aparecer na vida dele...agora se o cara nÃ£o der, ja vai ser um bom sinal...sinal que ele sabe o valor do dinheiro e esse dinheiro nÃ£o Ã© pra qualquer um...",0
comentario_2282703,Realmente! O pai dela tem que pedir desculpas por colocar essa bosta no mundo kkkk,1
comentario_2994848,"Para mim houve um reset. Algo relacionado ao ciclo solar, o que nos afeta 100%.Corona solar...",0
comentario_662960,Olha isso Ã© verdade parabÃ©ns tem que divulgar isso mesmoâ¤ Maria Timon MaranhÃ£o,0
comentario_1243833,"Foi o que eu falei, vou empilhar tantas provas que sÃ³ os malucos vÃ£o continuar teimando",1
comentario_2244751,E quando o cara jÃ¡ comeu todasğŸ˜…,0
comentario_1174318,E ainda tem gente que acredita em Janja e Lula no poder... ah ah ah ah ah ah ah ah ah ah ... chupa .,1
comentario_1099942,E as evangÃ©licas da sua congregaÃ§Ã£o?,0
comentario_1706755,Fechei o vÃ­deo quando ela falou geraÃ§Ã£o do fim do capitalismo KKKKKKKKKDEUS Ã‰ MAIS,1
comentario_3005457,"Se temos hoje uma mÃ­dia que cria caos em relacionamentos nas novelas, isso Ã© perpetuado na nossa sociedade. TaÃ­ o BBB que o diga!",0
comentario_2243266,"Se caÃ­sse uA bomba atÃ´mica lÃ¡, nÃ£o faria falta.",1
comentario_2974988,Esses sÃ£o os miquenhias ğŸ˜‚ğŸ˜‚ğŸ˜‚ os que tem amor prÃ³prio sÃ£o chamados de narcisistas por essas mulheres que gostam de se aparecer.,1
comentario_175955,"Valores, parabÃ©ns aos pais e Deus abencoe esse guri.",0
comentario_540555,esse cara um picareta prega mas nao faz o que prega,0
comentario_2554751,"  o kakÃ¡? Tu nÃ£o fala nada nÃ©? Um cara bom, evangÃ©lico, lindo, famÃ­lia,  bom pai, bom marido e...mesmo assim tomou pÃ© na bunda! NÃ£o Ã© desse tipo que as mulheres clamam pra ter? Ou Ã© o bandido tatuado?",1
comentario_105691,A Ãºnica parte ruim do vÃ­deo Ã© que ele acaba.,0
comentario_2053913,Relacionamento Ã© feito de muitas micro coisas e poucas macro coisas.,0
comentario_1409951,"Sai do emprego! Fica em casa, cuidando do marido e dos filhos se os tiver. FaÃ§a um curso de corte e costura e ganha dinheiro sem sair de casa. Pague a PrevidÃªncia como costureira autonoma. Seja feliz com sua familia, seu marido!",1
comentario_2816441,Mas aÃ­ sua irmÃ£ Ã© uma vacilona,1
comentario_920111,"  ele precisa fazer continuamente uma terapia intensiva, e ele precisa usar a racionalidade. Se ele continuar desse jeito vÃ£o se aproveitar dele, jÃ¡ sabem o ponto fraco dele e manipulam isso.",1
comentario_2661397,Tive uma patroa em Portugal que falava que quando comeÃ§aram a falar de marido e emptegada ela saia de perto para nÃ£o ter que dizer nada ja que eu era otima baba e o marido dela era Ã³timo. Fui muito feliz la.,0
comentario_2403913,Tua maquiagem Ã© perfeita. Teus LÃ¡bios sÃ£o lindos teus dentinhos maravilhosos d perfeitos. Sou teu fÃ£ ğŸ‘„,0
comentario_251496,"Antigamente era assim e as pessoas desse tempo tem educaÃ§Ã£o excelente sabem como entrar e sair de um ambiente e nÃ£o tinha essa de nÃ£o pode chamar a atenÃ§Ã£o dos filhos,o que estraga a educaÃ§Ã£o dos jovens de hoje alÃ©m da liberdade extrema, Ã© essa lei absurda que vocÃª nÃ£o pÃ´de nem dar um tapa se o filho te ofender ou desobedecer.Mas se eles aprontarem o culpado Ã© vocÃª e quem vai sofrer SÃ£o os  pais e filhos,a lei nÃ£o ajuda a educar sÃ³ prejudica infelizmente...ğŸ˜¢ğŸ˜¢ğŸ˜¢ğŸ˜¢",1
comentario_2577118,"Tem sim,so avisem a ela que o nome disso ainda Ã© prostituiÃ§Ã£o.",1
comentario_74542,"E agora sÃ³ falta falarem que esse â€œgÃ¡sâ€ (ar que respiramos) que o domo segura, vem exclusivamente das plantas. As mesmas coisas que falavam na nossa escola, vamos proteger a AmazÃ´nia (nÃ£o que nÃ£o deva ser protegida, Ã© claro que sim).",0
comentario_527200,"aÃ­ depois ela vai dizer que o cara assediou ela, tipo assim uma armadilha entendeu",1
comentario_2859871,"Elas sÃ£o mto engraÃ§adas. Pq ela disse, os red pill fala pra fazer piada de tudo, elas fazem e eles nÃ£o gostam principalmente com a zoeira pra eles",1
comentario_1326628,"*Salve Padrinho, salve confrades.**Negar isso seria como negar que o cÃ©u Ã© azul. Contra fatos nÃ£o hÃ¡ argumentos.*",0
comentario_2607244,"As mulheres do passado trabalhavam? Elas nem recebiam heranÃ§a dos pais, a Ãºnica esperanÃ§a Ã© encontrar um bom marido.",1
comentario_203334,Ele nÃ£o  chorou e sinal que  nunca mais  volta pra ela,1
comentario_2726635,AtrÃ¡s da caÃ§amba tudo pode acontecer...ğŸ˜…,0
comentario_662439,O cara lenÃ§ol um  gem jutsu na mulher atra vÃªs dos olhos,1
comentario_1711157,"Mano, Ã© mulher e nÃ£o cunhÃ£s. Segundo, esses hobbies nÃ£o estÃ£o meio ultrapassados nÃ£o? Tipo, eu curto HQs tambÃ©m e tals mas Supernatural? Aquela sÃ©rie Ã© muito podre.",0
comentario_2353494,Que horror! ğŸ˜±ğŸ˜±ğŸ˜± Essa moÃ§a nÃ£o teve mÃ£e ou pai?,1
comentario_3030458,"Amorim, tem a senha sou fÃ£, pra caralho",1
comentario_2236437,Que nojo..quanto mais eu vejo ais nojo eu pego ..depois vem pra rua chamar de assediador ou de homem pobre...nÃ£o tem homem empresÃ¡rio pra todas,1
comentario_1735519,"Ei, copini, to aqui! NÃ£o tÃ´ consigo acessar a pÃ¡gina do close friends, ta indisponÃ­vel, jÃ¡ fechou a quantidade de vagas?",0
comentario_1948513,@  devemos pensar diferente e impor a religiÃ£o cristÃ£ pq somos maioria desde q mundo existeâ€¦ quem nÃ£o se adapta q mude,1
comentario_1028395,Eu tambÃ©m perdi o meu faz um mÃªs sÃ³ para nÃ³s ajudar e dar forÃ§as para superar â¤ tanto coisa,0
comentario_2541569,"Uai, eu falo os dois se sinto os dois",0
comentario_430943,LiÃ§Ã£o de vida: NÃ£o ter amigos da canhota. Ficar e permanecer o mais longe.,0
comentario_472800,"JÃ¡ trabalhei de garÃ§om nos anos 80/90 era raro as mulheres beberem, tbm era raro uma mulher ir ao bar beber sozinha , hoje elas bebem mais dq os homens,pior Ã© o vechame q elas dÃ£o quando estÃ£o bebadas Ã© pior dq os homens",1
comentario_2277299,"O cara que se submete a isso jÃ¡ tÃ¡ morto moralmente. 1 chutando pica de tabela do outro, cada um pegando um tikin de doenÃ§a do outro, tÃ¡ maluco!ğŸ˜®ğŸ˜‚ğŸ˜‚ğŸ˜‚",1
comentario_2766509,Hoje nÃ£o vale mais a pena casar.,0
comentario_2539347,"Isso sÃ³ pode ser meme, nÃ£o Ã© possÃ­vel que exista uma situaÃ§Ã£o dessas!",0
comentario_1407514,"Quando esse lance de ficar comeÃ§ou, quem mais se beneficiou foi as mulhres.",1
comentario_2069276,"Meu esposo e eu estamos juntos hÃ¡ 24 anos.. dormimos cedo , nÃ£o consumimos Ã¡lcool e vivemos felizes e realizados! Quem quer ficar na vidinha de balada que fique...",0
comentario_2353757,"Unico jeito de ter vantagem nesse jogo Ã© nÃ£o jogando, qualquer outra histÃ³ria fora disso Ã© historia pra ğŸ‚ dormir",0
comentario_328971,NÃ£o acredito em NEM UMA palavra. A vida na rede Ã© pura falsidade.,0
comentario_2852527,"@  sim , quando a pessoa sabe que nÃ£o Ã© pai.",1
comentario_2774747,"por isso Ã© melhor nem namorar, se quiser mulher Ã© sÃ³ pagar prostituta  ",1
comentario_2015123,Deixa ele ficar na ilusÃ£o da black pill man,0
comentario_1591820,"  em idade para relacionamento nÃ£o velhota, tia!ğŸ¤·ğŸ¼",0
comentario_2185378,Esse maluco nÃ£o tem moral para fala ele mesmo usufruiu da imagem sexual da filha,1
comentario_312399,Mentalidade com raiz comunista,1
comentario_562687,"Lerdo,burro,o cara entendeu na primeira indiretağŸ˜‚ğŸ˜‚ğŸ˜‚",1
comentario_1611505,Amizades e amigas tambÃ©m nÃ£o tenha ninguÃ©m para ter ou ser por mais que Ã© difÃ­cil,0
comentario_736670,"Amigo, mais da metade da populaÃ§Ã£o vive de salÃ¡rio mÃ­nimo enquanto o Elon Musk tÃ¡ viajando de jatinho pra lua cara, cade a igualdade? Cade a dignidade das pessoas trabalhadoras em comparaÃ§Ã£o a esses caras que nÃ£o fazem nada alÃ©m de mandar os trabalhadores trabalharem?",0
comentario_2603812,E qual homem rico iria querer andar de mÃ£os dadas com um tracajÃ¡ bandeira desse aÃ­?,1
comentario_2251305,"ELA DIZ: os que tem objetivos!, tem qualidades e sÃ£o UM SHOW ao tratarem essas LINDEZAS â¤ğŸ‡§ğŸ‡·",1
comentario_1309132,"ğŸ˜®misericÃ³rdia! Ela! estÃ¡  ""errada"" Mas nÃ£o! Concordo  com filmar e o Pior Expor  em rede social . ğŸ˜¢ Provavelmente esse casamento Vai acabar. ğŸ˜Š",1
comentario_1281284,SÃ³ ter Virtudes raras nÃ£o gera emoÃ§Ã£o...,0
comentario_522760,Isso merece uma SALVA DE PALMA! DE PE!â¤,0
comentario_444940,"  1Â° NinguÃ©m quer ir visitar uma mulher q conversa do tipo dessa do vÃ­deo ...duvido q  ela tem colegas q se oferecem p ir na casa dela ...talvez Ã© ao contrÃ¡rio e sim Ã© ela q quer ir na casa dos outros ...O q aontece Ã© o seguinte ...Na adolescÃªncia.... acabamos d sair da infÃ¢ncia ...somos mais inocentes...temos mais tempo ...temos mais necessidade de falar ... de conversar ...confiamos mais ...C o passar do tempo ...vamos vendo q as pessoas sÃ£o egoÃ­stas, algumas  hipÃ³critas ... e isso atÃ© entre irmÃ£os ou primos ....as vezes atÃ© temos pai , mÃ£e q nÃ£o sÃ£o confiÃ¡veis ..isso desde o princÃ­pio da vida ...Inclusive o certo seria primeiro sermos amigos dos irmÃ£os , primos , tios e depois vim as pessoas da rua ...depois vim os colegas ...mais nÃ£o Ã© assim nÃ£o ..e isso Ã© desde o princÃ­pio do mundo ... NÃ£o teve a histÃ³ria de Abel e Caim ...O q ela falou sobre gastar ... $$ churrasco, banquete p se aparecer .....isso aÃ­ depende do q os colegas combinam ...Outra coisa a vida financeira cada um cuida da sua ...cada um cuida das suas finanÃ§as ....cada um tem q ter sabedoria e buscar se qualificar profissionalmente... seja virar um bom catador d reciclagem ou fazer um curso superior ou tÃ©cnico ou um excelente pintor , padeiro , salgadeiro , cabeleireiro, costureiro ...o certo Ã© economizar e viver d acordo com o q ganha ..a vida financeira Ã© cada um por si mesmo ...Quem Ã© comprometido as vezes jÃ¡ nÃ£o tem muito tempo nem p cÃ´njuge, nem p filhos ...tem q tirar tempo p ligar , visitar mÃ£e , avÃ³ ...Casa , lar Ã© sagrado ...ocupaÃ§Ãµes, responsabilidades durante a semana...provavelmente feriado, sÃ¡bado sÃ£o p descansar ..Quem tem alguÃ©m q confia p desabafar , p comemorar...tem pessoas q uma motivaÃ§Ã£o a outro c as palavras...conheÃ§o pessoas q sÃ£o cristÃ£os... e q tem temor d Deus e amor , respeito e q se preocupam uns c os outros ...quem tem colegas q da p confiar.... sÃ£o pessoas d sorte ...Dependendo da idade ...a pessoa estÃ¡ *sedentÃ¡ria* .. _desmotivada_ ... *sem* sonhos e por isso fica igual essa mulher do vÃ­deo ...essa mulher do vÃ­deo estÃ¡ gorda ...nÃ£o malha , nÃ£o treina ...alimenta mal ...estÃ¡ inflamada de trigo , pÃ£o , bolo , macarrÃ£o, doces ...farinhas brancas q viram aÃ§Ãºcar no organismo ...Esperar o q ???",1
comentario_1133365,Teremos asilos cheios de velhinhas divorciadas num futuro prÃ³ximo....,1
comentario_1810680,Ãšnico lugar que eu vi a mulher perder foi onde eu trabalhava que os caras pegavam as mulheres e a patroa mandava as mulheres embora ğŸ˜‚ por que ela tinha sido traÃ­da umas 200x pelo marido aÃ­ ela pegou ranÃ§o de mulher infiel .... ela Ã© uma mulher Maravilhosa de respeito a patroa de bom coraÃ§Ã£o â¤ nÃ£o estou pagando pau pra mulheres mais ela ajudou muita gente e nÃ£o defendia mulheres na empresa ela mandava embora ğŸ˜‚ !,1
comentario_1855181,"Mano, por experiÃªncia prÃ³pria, salve seus filhos dessa serpente senÃ£o ela vai destruir a vida deles. Seu relato Ã© quase igual ao que aconteceu comigo, hoje meus filhos (um menino e uma menina ) jÃ¡ adultos seguirÃ£o caminhos que nÃ£o condizem com seus generos e isso Ã© o que mais me destrÃ³i dia apÃ³s dia. Filhos criados sem a convivÃªncia diÃ¡ria do pai, com essa avalanche de ideologias, a tendencia Ã© dar merda",1
comentario_696674,"chama o Rui costa pimenta do pcp, melhor analise geopolitica do mundo",0
comentario_1674620,FILHOS PARA ALIMENTAR A INDÃšSTRIA DA PENSÃƒO ALIMENTÃCIA  E SUSTENTAR O GOVERNO COM IMPOSTOS.,1
comentario_18382,"Mas tambÃ©m muitos homens estÃ£o procurando mulheres perfeitas, velhos procurando novinhas,  acho que a culpa Ã© de todos",1
comentario_2425357,Isso aÃ­ se chama prostituta. A pessoa nÃ£o faz nada e exige que o homem ganha bem pra sustentala. Deve ser bem pesado carregar essa mala sem alÃ§a,1
comentario_370618,"desse jeito, esse pai estÃ¡ certo.",0
comentario_2684335,"Nenhum Ã© melhor q o outro, fraco nesse video ai Ã© so questÃ£o de percepÃ§Ã£o",0
comentario_2616921,"Ufaa pensei que era os dois juntos , por um momento duvidei de sua virtude",0
comentario_1198239,Realmente.. Ainda tentou.. Chegou pra dizendo que nÃ£o dÃ¡ mais... Ã‰ tchau e benÃ§Ã£o ğŸ˜‚ğŸ˜‚,0
comentario_1861385,"Pois Ã©, nÃ£o da pra contar com elas pra nada.",1
comentario_2198248,Qualquer idade? ConheÃ§o um que mora no orfanato que topa. TÃ¡ doido atrÃ¡s de um compromisso sÃ©rio com uma mÃ£e. ğŸ˜…ğŸ˜…ğŸ˜…ğŸ˜…ğŸ˜…,1
comentario_19394,"Nem precisa chegar na idade, ela Ã© feia, por isso caras feios chegam nela. Ela sabe disso, Ã© sÃ³ ela se olhar no espelho.",1
comentario_1132353,"Vamos lÃ¡,  algumas consideraÃ§Ãµes.  Algumas coisas confesso que achei prudente olhar... tenho um filho e nÃ£o tenho contato, levanta muitos alertas... o problema aÃ­ Ã©  desistir no primeiro encontro... talvez nÃ£o seja o motivo.antes de entender, mas tem muitos dessas falas podem sim ser problemÃ¡ticas pra qualquer pessoa. O tom debochado delas Ã©  que muda totalmente o foco das questÃµes.... hj em dia e sim necessÃ¡rio olhar muito bem onde se tÃ¡ amarrando o bode... pq o futuro pode ser um longo arrependimento....",0
comentario_985771,Tanta idiotice!!! Homem virou virgens?! ğŸ˜‚,1
comentario_2988718,"Quem sabe ela nao consiga uma.mukher que traga muito mais que essa cesta que ele esta levando, uma que ira edificar a sua cs.",1
comentario_2855739,"sou evangÃ©lico/cristÃ£o, e, infelizmente, muita coisa Ã©  verdade, fariseus",0
comentario_696747,"MUITO BOM!FALTOU UMA ORIENTAÃ‡ÃƒO QUE PASSO PARA MINHAS FILHAS, NÃƒO TIRAR O OLHO DO COPO QUE BEBE, PREFERÃŠNCIA BEBER NA GARRAFA E SEMPRE UTILIZAR A TAMPA.",0
comentario_1360608,"Sou da capital de SÃ£o Paulo, e penso em sair dessa cidade.",0
comentario_21918,SatanÃ¡s anda ao derredor... o fim dos tempos,0
comentario_2729587,Oxe tiveram tiveram mais de 12 e agora querem um... abraÃ§aaa fias,1
comentario_469290,Resumindo nÃ³s homens temos muito quÃª aprender e deixar de ser trouxa...,1
comentario_2337390,"Tem que dar valor no que crecem maravilhoso  o sr da Havan ğŸ˜‚ğŸ˜‚ğŸ˜‚ vao bolaonariatas .O pt nÃ£o  ganhou as eleiÃ§Ãµes  ai so por isso nao esta sendo ajudados por eles ,porque o exercito  era pra ter ajudado ,a recuperar  so que nao deixaram",1
comentario_773788,Mais as mulheres sÃ£o os ZÃ© hj em dia ğŸ˜‚ğŸ˜‚ğŸ˜‚ğŸ˜‚,1
comentario_1579029,ELA PEGA O CACETE DO MARIO 1 VEZ !........NO CELULAR 1000 VEZES !.........VAZA TEM OUTRA ALI QUE QUER ALGO REALMENTE,1
comentario_1213387,"Mas se Ã© um homem que fala essas coisas, Ã© massacrado... muitas vezes atÃ© pelos prÃ³prios homens.",1
comentario_1869710,"Eu, eu sou o Senhor, e alÃ©m de mim nÃ£o hÃ¡ Salvador. âœ¨IsaÃ­as 43:11",0
comentario_2510753,"SÃ³ pela ""carinha"" dela jÃ¡ dÃ¡ pra saber que de fato Ã© uma armadilha. Abre o olho garoto",1
comentario_627852,Â  os sinais sÃ£o diferentes. Por isso existe o termo ESPECTRO autista. Mas a grande maioria nÃ£o consegue segurar sua emoÃ§Ã£o. Por isso partem pra agressÃ£o.,1
comentario_2203609,Se o soldado nÃ£o encapou a arma vai levar um golpe,1
comentario_658864,"Gustavo Machado, o terror dos ancaps, monarquistas, fascistas e afins. CampeÃ£o invicto de debates na Internet. ParabÃ©ns ao Gustavo e ao RedCast. ğŸ‘ğŸ‘ğŸ‘ğŸ‘",0
comentario_3032836,Hoje em dia inventaram um monte de nomes diferentes para prostituta.,1
comentario_349678,"Para as mulheres, homens sÃ£o apenas ferramentas utilitÃ¡rias. Elas nÃ£o os ""amam"" pelo que sÃ£o, mas pela utilidade.",1
comentario_533467,"Essa sim merece ser escutada,essa parada ai",0
comentario_2135770,Ã‰ muito excesso de infantilidade.,0
comentario_237219,Para EX... SÃ³ hÃ¡ um tratamento simples e muito eficaz: chÃ¡ de sumiÃ§o e contato ZERO...Prove e veras !!!,1
comentario_85946,Viu as 3 horas de vÃ­deo mesmo?,0
comentario_2039973,"â€‹Sabem disfarÃ§ar bem, uma grande parcela rejeita e nÃ£o Ã© endeusado pela mÃ­dia. JÃ¡ no Brasil se tornou normal e Ã© aplaudido de pÃ© pela maioria dos bonobos com 80 de QI.   ",1
comentario_1985970,"Isso Ã©  carÃ¡ter, jÃ¡  vi casos  parecidos, mas,tem uma coisa nisso  tudo  que a maioria  nÃ£o  presta a atenÃ§Ã£o, sÃ£o  os SINAIS, traiÃ§Ã£o financeira, conjugal ou outra qualquer  comeÃ§a  aos poucos, levam o relacionamento  a diante   sem buscar  pelo amparo  de DEUS, entÃ£o  ,sozinhos  nos fragilizamos, e o inimigo  se aproveita  pra fazer sua destruiÃ§Ã£o...",0
comentario_1003958,"Mas mostra vc trabalhando querida isso Ã© obrigaÃ§Ã£o , agora nos mostre vc trabalhando, trabalha onde? Como vc ajuda o marido a colocar grana em casa? FaÃ§a outro vÃ­deo mostrando seu emprego.",1
comentario_1804574,E os caras que sÃ³ nÃ£o pÃµe o pau em buraco de Ã¡rvore pq nÃ£o sabe o que tem lÃ¡ dentro... Mas por em tudo pÃµe nÃ© kkkk,1
comentario_1184473,E impressÃ£o minha ou na hora que ele puxou a minha ela tava mordendo os lÃ¡bios ğŸ˜…,0
comentario_2499547,Infelizmente essa Ã© a nova geraÃ§Ã£o a geraÃ§Ã£o das drogas da prostituiÃ§Ã£o do mau caratismo da homossexualidade pessoas que nos deixam enojados verdadeiro repÃºdio,1
comentario_1865854,"Falou tudo... Depois elas vem falar que sao empoderadas, que conquistaram tudo com seu prÃ³prio esforÃ§o ğŸ˜‚ğŸ˜‚ğŸ˜‚",1
comentario_159074,ParabÃ©ns  aos dois o patrÃ£o que foi solidario e o empregado que cuidou dz fazenda como se fosse dele.AÃ­ vem a vitÃ³ria.Deus te dÃ¡ a oportunidade e vc.faz a sua parte para ter a vitÃ³ria.,0
comentario_2952444,"Quando o parceiro diz foda-se pra o outro, jÃ¡ disse tudo.Agora fica quem quiser jÃ¡ que no final o lascado nÃ£o serÃ¡ eu e sim quem continuo kkğŸ˜‚",1
comentario_220007,HÃ¡ muitos casais em que homem e mulher tÃªm a mesma idade e seus casamentos jÃ¡ duram hÃ¡ mais de 30 anos.,0
comentario_1409876,"@  sou mulher e acredito que cada um, independente de ser homem ou mulher, deve assumir responsabilidade por suas atitudes. Se ela tem descontrole emocional ela precisa se tratar, nÃ£o Ã© culpa de ninguÃ©m a nÃ£o ser ela mesma. O racismo faz parte da personalidade dela e de muitos que nÃ£o sÃ£o expostos. Ela diz que o relacionamento era abusivo, mas o que ela mostra Ã©, chorando, tentar sensibilizar quem assiste se vitimizando. Ã‰ evidente que ela estÃ¡ inventando histÃ³ria para se sair de vÃ­tima. Mulheres e homens podem ser tÃ³xicos na mesma proporÃ§Ã£o. Ela Ã© racista e narcisista.",1
comentario_1794740,"@  quem disse que Kaka foi forte? Pelo contrÃ¡rio, dentro do relacionamento ele era submisso.",1
comentario_1818008,elas quebram regras pro chad... foda kk,1
comentario_616179,Por curiosidade? Porque vocÃª nunca namorou?,0
comentario_979423,"MUITO  CUIDADO,  VCS TRABALHAM NA MESMA EMPRESA E ELE PODE TE USAR A HORA QUE QUISER. VC Ã‰ MUITO CARENTE E SUA AUTOESTIMA ESTÃ  MUITO BAIXA. SE CUIDE, POR FAVOR!!",1
comentario_966475,Ã‰ um acordo que elas tem com o cidade alerta senÃ£o eles ficam sem trabalho,1
comentario_2466080,@  Eu achava que vocÃª fosse  pouco mais inteligente. Escrita Ã© uma forma de expressÃ£o verbal. Agora entendo porque concorda com ela Ã© falta de qi.,1
comentario_642800,"@ japones reclama muito dos mais jovens tb? Imagino que sim, sÃ£o bem tradicionais. Ta morando em qual cidade? Eu fui de fÃ©rias lÃ¡ em 2019 e amei, mas imagino que pra morar a experiÃªncia seja outra.",0
comentario_2117441,Ele foi burro demais. Dava pra fazer um relato fod4. Mas nem  todo mundo tem tanto discernimento.,0
comentario_1348995,Se fosse o contrÃ¡rio ela ia brigar enxe o saco e fala que homem nÃ£o presta,1
comentario_2896468,Fiquei sabendo que trezoitÃ£o gostaria de conversar com vc de pronto digo que veria .,0
comentario_1822779,"Se o caminhÃ£o estiver em alta velocidade, nÃ£o vai adiantar nada, isso Ã© fÃ­sica!",0
comentario_983294,"PEGUEI MUITA MULHER VAGABUNDA NA MINHA VIDA.COMI,USEI E REVIREI DO AVESSO,DEPOIS MANDEI ANDAR.MULHER VAGABUNDA SÃ“ SERVE PRA USAR E DEPOIS LARGAR.PRONTO,FALEI!",1
comentario_2473741,"  E pra quÃª vocÃª acha que uma mulher vai querer um homem egoÃ­sta e narcisista assim como vocÃª. que nÃ£o tem nada pra se doar, que nÃ£o existe entrega, cuidado seu com ela e nem reciprocidade. NÃ£o Ã© atoa que ninguÃ©m te quer e vocÃª estÃ¡ sozinho.",1
comentario_2488117,Verdade passei por isso ğŸ˜¢Ã‰ terrÃ­vel infelizmente.,0
comentario_1147792,Ela nÃ£o daria 10 passos pra ir na casa dele kkkk,1
comentario_359780,"Abaixa o shortinho dele, pega uma cinta e desce-lhe uma cintada... Sem Ã³dio no coraÃ§Ã£o, mas com a certeza de estar educando, ainda em tempo, porque essa reaÃ§Ã£o Ã© de quem nÃ£o foi educado no tempo correto. Em hipÃ³tese alguma poderÃ¡ prevalecer a raiva, mas sim o amor e a certeza de estar fazendo o melhor para que este nÃ£o sofra com a correÃ§Ã£o tardia que talvez jÃ¡ nÃ£o serÃ¡ mais possÃ­vel e trarÃ¡ sofrimento para muitos.",1
comentario_480177,"Ele pulou uma fogueira de costa, ele se livrou de um grande problema",0
comentario_1717855,"EngraÃ§ado ""perdoa pra ficar bem com sigo msm"" quem fica bem Ã© quem Ã© perdoado ou quem perdoa??? Eu estou revendo esse conceito",0
comentario_536396,Debate ou podcast c outros convidados nÃ£o funciona para o Felipe. Ele tem muito conteÃºdo mas tem q ser convidado sozinho.,0
comentario_628190,"Se nem ela se importa com ela, por que o rapaz tem que se importar, vagaba!",1
comentario_2825113,"O estado Ã© ladrÃ£o, ineficiente, inÃºtil e desnecessÃ¡rio. O estado nÃ£o produz nada e so atrapalha a vida das pessoas.",0
comentario_1477541,E nem assim funcionou! TÃ´ passada!,0
comentario_1756032,"1:10:00 concordo plenamente e ja percebo isso mesmo, meu pai nÃ£o era presente, mas eu vou ser",0
comentario_2091352,"Acho que hÃ¡ um tempo mÃ­nimo para nÃ£o correr o risco para anulaÃ§Ã£o, ğŸ¤”ğŸ¤”ğŸ˜‚ğŸ˜‚ğŸ˜‚ğŸ˜‚",0
comentario_2108997,Conselho super  saudÃ¡vel!!!  kkkkkkkkkkkkkkkkkkkkkkkkkkkk  imagina os psicÃ³logos  olhando isso!,0
comentario_1431760,"Em 2020 eu disse: ''vÃ£o todas virar GPs de 30,00"" Falsa acusaÃ§Ã£o para cima de mim, Ã© tomar varias azeitonas facil facil",1
comentario_2506207,Verdade! Alexandre agrega muito ao podcast.,0
comentario_1667440,Isso se o Gustavo nÃ£o fugir de novo.,0
comentario_2905663,O palito queimado quer voltar pra caixinha de fÃ³sforos...,1
comentario_506479,Cabou o dinheiro a mina someğŸ˜‚ğŸ˜‚ğŸ˜‚ğŸ˜‚,0
comentario_675396,Passar o dia inteiro jogando video game no meu pc...,0
comentario_1667476,"  Isso aconteceu comigo, fui preso em flagrante sem nenhuma  prova material pq a palavra da mulher estÃ¡ acima da presunÃ§Ã£o de inocÃªncia quando se trata de importunaÃ§Ã£o sexual, ou seja, em casos de ""crimes"" contra a mulher nÃ£o existe presunÃ§Ã£o de inocÃªncia. A diferenÃ§a Ã© que nunca vi a mulher na vida e nÃ£o dei em cima dela, pelo contrÃ¡rio, ela que tava se roÃ§ando em mim. Ã‰ o Brasil... Deixa de ser gado! Se a lei permite que um homem seja preso com ausÃªncia de materialidade e indÃ­cio de autoria, logo terÃ¡ muitas denÃºncias falsas e prisÃµes arbitrÃ¡rias.",1
comentario_124536,Mulheres RÃºssas vocÃªs sÃ£o umâ˜ï¸ presente ğŸ de Deus vocÃªs sÃ£o mulheres completas para nÃ³s brasileiros estamos sofrendo nos ajudem.ğŸ˜Š,0
comentario_1161279,Mas a culpa Ã© delas mesmo.. burras,1
comentario_1953177,"NÃ£o quer dizer nada, a nÃ£o ser que vocÃª esteja com vontade de voltar e ser um reserva! Pare de procurar fotos e siga em frente!",1
comentario_2329640,"Eu uso roupas legais, acho importante manter a imagem. Mas como complemento. Acho que narrativa do autor do video nao se aplica a todos os casos. Apenas hÃ¡ algumas pessoas.",0
comentario_1176283,"A minha ex nunca foi de mostrar o corpo. "" AtÃ© pra mim ela ficava com vergonha"".... principalmente em rede sociais...ela raramente postava FT e atÃ© mesmo hj ela nÃ£o posta ND e talsğŸ˜• sla a famÃ­lia dela ainda gosta de mim mas nÃ£o fui eu quem errei e sim ela ğŸ˜•eu fui fiel nesses quatro anos mas ela quis jogar nossos quatro anos no lixo ğŸ˜• eu tinha aceso as redes sociais dela e ela as minhas ğŸ˜•ğŸ˜•mas no final atÃ© a famÃ­lia dela ficou com raiva dela inclusive o pai ğŸ˜•ğŸ˜•ğŸ˜• ou seja ela fez tudo isso comigo mas prejudicou a si mesma e a prÃ³pria famÃ­lia pegou raiva dela e atÃ© o pai disse "" a minha filha morreu"" vc nÃ£o Ã© minha filha e muito menos eu sou seu pai...ela no final me abandonou e como consequÃªncia foi abandonada pela famÃ­lia ğŸ˜•ğŸ˜•ğŸ˜•ğŸ˜•ğŸ˜•ğŸ˜•",1
comentario_1772362,Eu que te agradeÃ§o por estar conosco aqui Cintia.,0
comentario_844418,@ .A.R.-ji3ex vc usou o verbo passado como se fosse viÃºva k,0
comentario_1816821,Pior Ã© o que mais tem homem palpiteiro de rola.,1
comentario_2512921,"Errar Ã©  de todos, reconhecer o erro Ã© dos fortes, perdoar Ã© dos melhores",0
comentario_1784478,"atÃ© porque q carne tÃ¡ um absurdo de caro, bom mesmo Ã© valorizar seu gordinho !!",1
comentario_2229727,Meu Deus lindo demais.  Sensacional. Emocionante.  Guerreiro. Lindo casal.,0
comentario_1615559,"@  sim eu entendi , realmente um livramento Ã© a mulher vai carregar o erro pro resto da vida chamando ela de mÃ£e",1
comentario_1098276,O PondÄ— Ã© a prova de um Homem contaminado por feminismo hora estÃ¡ na realidade hora estÃ¡ em NÃ¡rnia,1
comentario_2305361,"@  Ele tem um canal novo , Edson Castro",0
comentario_2242920,*SÃ©rio? Aqui no exterior o feminismo estÃ¡ muito mais avanÃ§ado!*,0
comentario_199298,Eu tenho tio mÃ©dico formado vai fazer 2 anos desempregado,0
comentario_2679848,Aqui em casa Ã© assim nÃ£o trago amigas e nem meu marido traz amigos dele.nossa casa Ã© nossa privacidade e nÃ£o a casa da mÃ£e Joana ğŸ˜‚ğŸ˜‚.e TambÃ©m nÃ£o falo do meu casamento para ninguÃ©m nem para parentes prÃ³ximo tudo oq eu preciso resolver Ã© com meu marido nÃ£o precisa ninguÃ©m saber,0
comentario_2775882,As mulheres sempre prontas para um amor verdadeiro!,0
comentario_2412332,ParabÃ©ns para essa mae ela e um exemplo,0
comentario_2488207,Nada  nem circunstÃ¢ncias mechem  com o nosso carÃ¡ter,0
comentario_2415417,A culpa disso sÃ£o dos caras que nÃ£o controlam o prÃ³prio pau,1
comentario_883896,"No mÃ¡ximo um batom,me descreveu â¤ tÃ´ pronta ğŸ˜‚â¤",0
comentario_2805560,NÃ£o muito obrigado e sÃ³ vou deixa pras vagabundas que gostam mesmo,1
comentario_2011711,"@  nÃ£o responde perfis assim. SÃ£o sempre perfis sem fotos, e muito provavelmente usados por homens muito frustrados que se sentem um pouquinho melhor atacando mulheres. ParabÃ©ns pela atitude com o marido.",1
comentario_2863796,"SaudaÃ§Ãµes meus caros! SÃ©rio que ela acha mesmo que ele nÃ£o sabe? Pra vocÃªs verem como algumas delas nos veem. Meros fantoches. O que me preocupa Ã© fato de ainda terem muitos homens que Ã s idolatra como seres iluminados, nÃ£o vou engana-los, a maioria ainda as veem assimâ€¦Forte abraÃ§o e fiquem com Deus.",1
comentario_2452575,"Vamos lÃ¡, ele citou 3 mulheres . Somos em quantas mesmo ? Existe sim , muitas mulheres sacanas por aÃ­, que nÃ£o valorizam um casamento , que tudo Ã© vaidade . Mas se procurarem nos lugares certos, por exemplo   , acharÃ¡ mulheres de valor ! NÃ£o se enganem com vÃ­deos na Internet,  mulheres sÃ¡bias normalmente nÃ£o estÃ£o neles ....Sejam realistas e saibam valorizar uma mulher de verdade quando emcontrÃ¡-la , porque normalmente,  elas nÃ£o serÃ£o padrÃ£o como vocÃªs querem .",1
comentario_364535,"Brincadeira???ğŸ˜® , tÃ¡ louco? Mudaram atÃ© o nome da frutaria com O???ğŸ˜®.",0
comentario_1409346,A maioria dos homens hoje acham que nÃ£o vale a pena casar.,1
comentario_1887158,"Qual o nome dessa moÃ§a ou o Instagram dela, alguÃ©m sabe por gentileza ?!",0
comentario_21660,Calma aÃ­ nÃ©â€¦PolÃ­tico nÃ£o fala da famÃ­lia do outro por que tem carÃ¡terâ€¦e sim porque sabe que todo o dinheiro sujo estÃ¡ no nome dos familiares.,1
comentario_49664,"Tirando o LÃ©o, foi o melhor podcast que eu ja vi",0
comentario_2798950,Comentario maravilhosoğŸ˜‚ğŸ˜‚ merece ser fixado,0
comentario_327029,Seu o filho Ã© seu cuide nÃ£o deixa de um lado pro outro esses praga tÃ£o por tÃ£o lado ğŸ˜¢ğŸ˜¢ğŸ˜¢ğŸ˜¢ğŸ˜¢ por mim castrava,1
comentario_1365179,HeranÃ§a nÃ£o entra no divÃ³rcio O sistema trata de Ferrar Ã© quem trabalha,1
comentario_2062638,Ã‰ mais fÃ¡cil melhorar a aparÃªncia do que conseguir esse tipo de bem,0
comentario_849555,"Tem que ser igual o enruGADO batista , 25 anos Ã© vÃ©ia, quando vou na clÃ­nica de massagem nÃ£o quero nem saber de trintona.",1
comentario_1269813,"Provavelmente sim, mas isso nÃ£o torna os estudos do Netlab menos enviesados.",0
comentario_1923732,As futuras esposas de alguÃ©m sÃ³ saem do carrossel acima de 30,1
comentario_1666568,Se ele quiser ser o prÃªmio da quebrada? E ter um alvo nele mesmo?ğŸ˜‚ğŸ˜…,1
comentario_1362313,"Os caras olham pra mulheres assim, provavelmente conheceu ela assim, pq n acho q ela mudou a vestimenta dps do casamento, deveria ter escolhido melhor ne ? Foi se atrair por uma q se veste vulgar e pq casou acha q a pessoa vai mudar, escolham melhor ! Pra nao chegar a esse ponto.",1
comentario_2118265,@  onde foi que eu disse que explicar a histÃ³ria do feminismo Ã© ir mal? TÃ¡ viajandoFugiu das aulas de portuguÃªs foi?,1
comentario_1116893,@  Ignore o passado do homem e destrua o seu futuro.,1
comentario_2762384,"NÃ£o precisa ir na associaÃ§Ã£o americana,Ã© sÃ³ dar uma olhada nos psicolÃ³gicos brasileiros,tem atÃ© uma pÃ¡gina no insta,sÃ³ louco da cabeÃ§a",1
comentario_2351629,"  nÃ£o Ã© Ã³bvio? As mulheres gostam de emoÃ§Ã£o e curtiÃ§Ã£o, porque a maioria faz filho com mal carÃ¡ter? a resposta Ã© muito Ã³bvio, a maioria sÃ³ arruma tranqueira ou se ilude com bom papo e palavras doces e depois vem *""nenhum homem presta ou ""homem Ã© tudo igual.""*",1
comentario_823493,SÃ³ n seja abusivo meu pai me proibia atÃ© de jogar bola hoje jÃ¡ vai completar 7 anos q n vejo e fui para o CearÃ¡ para nunca mais voltar.,1
comentario_2027871,"Poucos raros, por isso nÃ£o  procede",0
comentario_1769267,"Tudo isso tem que ser conversado antes de casar esse povo parece mudo, conversa uma coisa aqui e depois Ã© outra ou nÃ£o tem palavra.ğŸ™„Mas tem gente que prefere ter uma vida mais simples mesmo tendo dinheiro sÃ³ pra ter uma casa e dinheiro pra cuidar da saÃºde e ta tudo bem, ou realmente Ã© igual esse moÃ§o falou. Eu tÃ´ numa fase da vida que tudo que eu queria era ter uma casa mais ou menos confortÃ¡vel na roÃ§a e nunca mais viver na cidade, correndo atrÃ¡s de consumir e consumir ğŸ˜• Mas nÃ£o entendo vcs, se fosse ao contrÃ¡rio muitos homens Taria aqui metendo o pau na mulher dizendo que o homem trabalha sozinho a mulher nÃ£o trabalha pra ajudar.ğŸ™„ Vai entender vcs credo",1
comentario_1455835,Uma balzaca ou coroa que seja mediana ou bonita jÃ¡ me deixaria satisfeito.AtÃ© com esses tipos de mulheres estou tendo dificuldade e olha que sou mediano.Agora as novinhas medianas e bonitas estÃ£o mais inacessiveis ainda.,1
comentario_2171258,MÃªsmo com esses relatos vai ficar com a sua mulher ainda?,1
comentario_2435635,"Mano tu tÃ¡ se berdendo vocÃª um Ã³timo ator, mas falando sÃ©rio fica difÃ­cil assim kkkkkkk, mas sabe que tem muito assimğŸ˜…",0
comentario_423800,"OtÃ¡vio Mesquita Ã© uma mala, desassuntado, e nada justifica ele pegar no peito e na bunda dela. Juliana tÃ¡ errada em nÃ£o levar adiante isso no inÃ­cio  e ser mal agradecida com o Danilo. Vcs estÃ£o desassuntando. Dizendo que todo homem em toda situaÃ§Ã£o Ã© inocente ğŸ˜¡",1
comentario_2788184,"Pior que Ã© exatamente assim q muitas vivem ostentando no Instagram. Ã‰ nÃ­tido que tem algum ricaÃ§o por trÃ¡s bancando tudo. Mulheres bonitas jÃ¡ nascem com a vida ganha, se nÃ£o tiver carÃ¡ter entÃ£o... Surfam no dinheiro igual tio patinhas",1
comentario_1949033,"Cara o maluco jÃ¡ disse q n era pobre ele Ã© herdeiro de milhÃµes  cara  acorda pra vida, e todas as mulheres em algum nÃ­vel sÃ£o  feministas",1
comentario_1344909,Quando ela falou tiktok eu jÃ¡ desisti de assistir!,0
comentario_430437,Precisa ver se tem algum homem que te queira.,1
comentario_2889212,"o velho nÃ£o Ã© burro, ele provavelmente sabe oq estÃ¡ acontecendo e quer pegar novinha inconsequentemente",1
comentario_177454,"O cara que tem o poder de ficar com vÃ¡rias ele vai e pode exigir uma sem rodagem, porque, porque ele pode e ele vai escolher a menos rodada sim",1
comentario_935310,"Kkkkk e bom quando um infeliz engravida a mulher e some antes do filho nascer, e esse camarada ajudando essa egua ainda acha ruim",1
comentario_2538956,"Pois Ã©, meu caro! Parece que o youtube comeÃ§ou a me sabotar de novo. Vamos ver",0
comentario_576584,Eu comia a sobremesa  primeiro ğŸ˜Š,0
comentario_1389960,"Tem uma frase muito antiga q recomendo pesquisar sobre as origens das palavras pq tem muita coisa sabia a frase Ã© "" ou vc morre herÃ³i ou viverÃ¡ tempo o suficiente para se tornar vilÃ£o "" star wars Darth Vader a questÃ£o sobre o dinheiro e poder e o seguinte nÃ£o Ã© proibido ganhar o dinheiro e ser rico e q para ter tudo isso vem com um propÃ³sito e se vc se perder nÃ£o vai cumprir e vai afetar a vida de muitos pode ser um patrÃ£o q explora seu empregado por exemplo o salÃ¡rio do empregado nÃ£o da para ele viver com sua famÃ­lia e vc andando de Ferrari fazendo viagem pela Europa gastando em dÃ³lar em euro toda a riqueza q tira do Brasil do seu PaÃ­s deixando seu PaÃ­s na escassez para saciar seus luxos isso Ã© pecado agora rei SalomÃ£o rei Davi os patriarca antigo ficou tudo rico ou era ricos e fez o propÃ³sito sem ligar para o dinheiro e sim a geraÃ§Ãµes a grande massa os desejos deles era insignificante perto da vida de muitos q ele influenciava entende nÃ£o Ã© pecado ser rico e sim como ganhou e o q vai fazer o uso dele vai ajudar ou vai fazer o mau ? Lembre se q enxergar e nÃ£o ajudar e crime atÃ© na matÃ©ria imagina no espiritual o que e 90 anos no mÃ¡ximo todo sem energia q vai fazer com tanto dinheiro e poder se seu corpo JÃ¡ nÃ£o acompanha mais atÃ© seu espÃ­rito ao longo do tempo vai compreendendo e assim perde sua energia e nÃ£o da mais tempo de terminar sua missÃ£o o q  realmente veio fazer na terceira dimensÃ£o matÃ©ria",1
comentario_1913753,"A vovÃ³ atÃ© casava cedo (14/15/16 anos), mas a paÃ§oca era sÃ³ depois do casamento. E se qualquer um largasse o outro tinha que devolver o dote. Lembro de outro vÃ­deo em que o cara negociava 100 vacas pela esposa (isso na Ãfrica). Se no Brasil fosse assim seria difÃ­cil achar alguma mulher que valesse 100 vacas.... talvez 1 frango, 1 calango e um copo stanley....",1
comentario_520202,"Ah, sim! Mas com toda certeza!",0
comentario_1458323,"Eu jÃ¡ nÃ£o estaria aqui no Brasil mais , para ele falar em recaÃ­da,",1
comentario_1360388,"Tem que ser OTÃRIO demais pra assumir mulher. Elas falam e reclamam demais e tem visÃ£o distorcida da realidade.Se tirar o sexo e beleza, o que elas tem a oferecer? SÃ£o vazias!!! Lembrem-se que elas estÃ£o envelhecendo, e Ã© provavel que vc nao queira tolerar esse tipo de comportamento de uma velha que nÃ£o Ã© sua mÃ£e! Boa sorte pra quem entrar em relacionamento, a 3Â° idade delas serÃ¡ apocaliptica ğŸ˜‚ğŸ˜‚ğŸ˜‚ğŸ˜‚ğŸ˜‚",1
comentario_1437707,"Ã‰ nada! ""Ele"", estÃ¡ Ã© querendo fugir desse perigo que vocÃªs mulheres sÃ£o, Ã  paz de si prÃ³prio.",1
comentario_2248737,"Muita gente nÃ£o sabe, mas quando o cara Ã© preso, sÃ³ pode ser no mÃ¡ximo por 3 ou 6 meses (nÃ£o me recordo) e a dÃ­vida morre caso ele fique preso esse perÃ­odo.",0
comentario_471061,Ã‰ muita Maluquice! Meteoro onde vocÃª estÃ¡ meu filho ?,0
comentario_1165097,"Continue votando no PT meu amigo, eles governam para os pobres!",0
comentario_1460145,"Gente,Ã© o cÃºmulo ğŸ’€ mais fÃ¡cil n ter um relacionamento se for assim",1
comentario_1473210,TEM MULHERES SAINDO COM 10 AO MESMO TEMPO CORRAM PARA AS COLINAS!,1
comentario_264883,"Eu ainda nÃ£o tive essa coragem de quebrar, mas  vc tem o meu apoio",0
comentario_2423196,"Ã‰ muito bonito quando vemos uma esposa quer admira seu marido, e vice-versa. ğŸ‘ğŸ¼ğŸ‘ğŸ¼ğŸ‘ğŸ¼ğŸ‘ğŸ¼ğŸ‘ğŸ¼ğŸ‘ğŸ¼ğŸ‘ğŸ¼ğŸ‘ğŸ¼ğŸ‘ğŸ¼ğŸ‘ğŸ¼ğŸ‘ğŸ¼ğŸ‘ğŸ¼ğŸ‘ğŸ¼",0
comentario_2068504,"OS HOMENS NÃƒO QUEREM PORQUÃŠ AS LEIS SÃƒO MIDANDRICAS! Feita pra destruir os homens!Pode atÃ© existir um homem que queira, mas ele vai se arriscar, pois pode dar certo ou nÃ£o faz parte.Mas se nÃ£o der certo, no lugar de ir cada um para o seu lado, nÃ£o!O homem vai ter que pagar pensÃ£o sÃ³cio afetiva pra filho que nem Ã© dele!Ou seja, o homem sÃ³ tem a perder!FORAM NA IDÃ‰IA DAS FEMINISTAS!EstÃ¡ aÃ­ o resultado!",1
comentario_2353445,Qual gÃªnero vai usar na hora de aposentar ? ğŸ˜‚,1
comentario_1045219,Mulher estranha cheia tatuagem boca aberta eu hen,1
comentario_1079510,No seu caso e de muitas sÃ³ financeira kkk,1
comentario_1687219,"Tipo isso mesmo, na hora de arcar com as responsabilidades nÃ£o tem pai, na hora de encher o saco estÃ¡ lÃ¡ o bonito cheio de direitos ğŸ˜‚",1
comentario_2464267,Bule bulÃ© ole oleBilobe bilobe bolÃ© bolÃ© Aihlubule bolÃ© Alalalaialililali bulbuleeee,0
comentario_2844232,EXCELENTE PAI!!....E SE NÃƒO APRENDER VAI ENTRAR NA BICUDA!!! Â¬Â¬,0
comentario_2153275,"Professor ""Xavier Videos"", felizmente nÃ£o Ã© cadeirante, mas tÃ¡ tentando aleijar muitos humanos comuns, tentando criar atravÃ©s da mistura genÃ©tica de muitas guerreiras dar  vida aos mutantes! ğŸ˜‚ğŸ˜‚ğŸ˜‚",1
comentario_233851,Minha famÃ­lia nÃ£o gostava de mim pq eu era sismada com esse tipo de comportamento,1
comentario_514999,A queda estÃ¡ prevista para depois de 2030,0
comentario_1730564,Amo as Mulheres Comigo nunca Vai faltar a Madeirada nem o PÃ£o Ã© a Ãgua .  os Homens  Envelhecem as Mulheres derretem Vamos vÃª a Vivi Fernandes na  Fazenda.,1
comentario_2356709,Hahahahahah muito bom. Gosto muito dele.,0
comentario_2488939,"Mas nÃ£o vai adiantar. Vai ser feito de trouxa, infelizmente.",0
comentario_2156043,Pietra Bertolazzi Ã© uma cristÃ£ admirÃ¡vel hoje. â¤,0
comentario_2535044,"@  E nÃ£o se trata de ficar esperando o negÃ³cio Ã© hora e aproveita as oportunidades que Deus o manda, Deus da uma chave para abrir a porta e conseguimos o que queremos e nÃ£o a soluÃ§Ã£o dos problemas mais infelizmente existe pessoas que apenas oram e perdem as oportunidades da vida, um abraÃ§o!!!!",0
comentario_2453911,Isso Ã© uma ofensa para arteMas o Ã³culos de uma delas Ã© legal entÃ£o dou a nota 10/10,1
comentario_2085271,"Brasil 4Âª economia? SÃ³ se for 40Âª! Estamos voltando a Ã©poca do Sarney com inflaÃ§Ã£o crescente POR SEMANA e nÃ£o mais por ano e esses jornais achando que enganam quem? Esse governo atual tÃ¡ querendo deixar a populaÃ§Ã£o toda fitness desse jeito, todo mundo bem magrinho, vivendo sÃ³ com uma refeiÃ§Ã£o por dia e ainda pÃ© de galinha com arroz de terceira.",1
comentario_1525242,VocÃª tÃ¡ doida para fazer isso aÃ­ vocÃª pega um jumento aquele jegue bem tarado mesmo que ele apaga atÃ© o fogo ğŸ˜‚ğŸ˜‚ğŸ˜‚ğŸ˜‚,1
comentario_1249401,"O ser humano Ã© patÃ©tico,  na moral ğŸ˜…,  a misÃ©ria humana,  trepar, comer, cagar, morrer,  apodrecer e feder",1
comentario_1249923,"""Casem senhores, eu quero que vcs casem"". (Don Sandro)",0
comentario_2796134,TENHO UM AMIGO QUE JA  CASOU 3 VEZES ; E OLHA QUE ELE TRABALHA NO MEIO JURÃDICO  ; MAS NAO APRENDE ! ğŸ˜,0
comentario_1090620,"O que acontece de ruim na visÃ£o cristÃ£ nÃ£o Ã© culpa dele, pois o ser humano escolheu viver longe dele, e ele como nos Deus livre arbÃ­trio, permitiu que nos entregassemos aos nossos prazeres, mas ele mesmo assim busca de aproximar dos seus filhos e etc... ",0
comentario_1846658,YouTube e seus vÃ­deo motivacionais kkkk,0
comentario_1864887,@  pena que hoje em dia Ã© difÃ­cil achar homem bonito kkkkk,1
comentario_539508,"  curioso isso que vocÃª tÃ¡ dizendo que o seu primo foi vÃ­tima literalmente de um golpe feminino, e as mulheres da sua famÃ­lia nÃ£o gostaram......entÃ£o as mulheres acabam provando do prÃ³prio veneno tambÃ©m das outras mulheres interesseiras, e e na figura dos seus irmÃ£os, sobrinhos ou filhos.......parece justiÃ§a poÃ©tica ! kkkkkkkkkkkkkkkkkkkkkkkkkkkkk",1
comentario_1850073,Aonde q o PSOL defende que homens use o banheiro feminino.????,1
comentario_1479002,Quero ver o que elas iriam falar de quem tem Opala 6 canecos e gol AP,0
comentario_1821665,"Eu entendi que ela nÃ£o quer mais ninguÃ©m, porque pelo que entendi Ã© que sempre quiz um relacionamento sÃ©rio porÃ©m sÃ³ encontrou homens ruins e agora jÃ¡ nÃ£o quer mais saber, foi isso o que entendi. A maioria dos homens querem destruir a vida das mulheres e depois ficam reclamando que sÃ³ tem Msol, que as mulheres sÃ£o rodadas, mas mulheres nÃ£o fazem filhos sozinhas e o filho que tem uma mÃ£e tambÃ©m tem um pai, por isso eu preferi foi investir em carreira, em meu financeiro, nÃ£o quiz saber de homens, sempre fui muito chata porque nunca gostei do que via as outras mulheres passarem e decidi que nÃ£o teria filhos e que viveria era sozinha, observo fala, comportamento, atÃ© a respiraÃ§Ã£o eu observo, e por conta de ser assim hoje tenho um bom namorado, mas a maioria das mulheres erram porque nÃ£o observam o comportamento dos homens. Eu, se fosse ela ficaria era sozinha mesmo, a maioria dos homens sÃ£o Psicopatas, a taxa Ã© em torno de 99,99% que sÃ£o psicopatas, somente 00,01% Ã© que sÃ£o bons, isso Ã© assustador, mas Ã© o que vi a minha vida inteira.",1
comentario_2222253,"@  PrÃ¡ que se acabar ""descascando"" por aÃ­? Tem tanta GP disponÃ­vel para ""aliviar as bolas"", tanta culher para dar um ""leitada e ghost""! Entenda! NÃ³s, homens, evitamos relacionamento sÃ©rio e longo com a culherada, mas isso nÃ£o nos impede de, vez por outra, dar um ""cutuco, um fincÃ£o, uma montada, uma madeirada""! O que a gente evita Ã© chegar em qualquer uma que encontramos por aÃ­ nas ruas, baladas, ""pancadÃµes"", bailes funk e shows de rodeio! Mas, quando achamos uma ""interessante"" e analisamos que o risco Ã© pequeno dela ser ""maluca"" (fÃ© nas malucas? NUNCA!), feminista ou interesseira, nada nos impede de tentar um ""leitada e ghost""! Depois, Ã© ""tchau e bÃªnÃ§Ã£o""! Red Pill na veia! Sempre! Tamos Juntos!",1
comentario_1217297,"Pais Nutela ,deixa se fosse meu filho , arrancava o couro dele mais nunca ele queria ir na frente ,iria na frente de uma vara.",1
comentario_1621535,AlÃ©m de Chad O cara ainda tem que ser mago pra adivinhar o que ela quer ouvir ğŸŒšEssa â€œnobreâ€ mediana estÃ¡ mesmo precisando de terapia.,1
comentario_2297330,Imagino minha mÃ£e tias vÃ³ e outras mulheres de valor vendo um negÃ³cio desses. Os homens que trazem a maioria dessas rodadas pra suas vidas estÃ£o pisando em granadas sem pino constantemente.,1
comentario_2983015,"Caraca que eu assisti trÃªs vezes pra entender a moral da resenha. Entendi na terceira vez, porque as duas primeiras eu estava admirada com as zureia do cara de baixo ğŸ˜‚ğŸ˜‚ğŸ˜‚ğŸ˜‚ğŸ˜‚ğŸ˜‚ğŸ˜‚ğŸ˜‚ğŸ˜‚ğŸ˜‚ğŸ˜‚ğŸ˜‚ğŸ˜‚ğŸ˜‚ğŸ˜‚   tadin, tamanho das orelhinhas do bichinRÃ©i......  Brincadeira ğŸ˜Š",0
comentario_255316,A real Ã© que todo mundo ta ganhando hype em cima do mlk,0
comentario_2845998,"Acho que esse cara vive em outro planeta pra dizer isso ou entÃ£o Ã© algum Caio Castro, elas tÃ£o Ã© se achando demais com a hipergamia na estratosfera",1
comentario_2249761,"Deus nos livre desse mal / mau. De todo Mal / Mau, AmÃ©m !",0
comentario_1832603,"Cara, depende. Longe de mim querer generalizar o meu caso, mas meu ex, por exemplo, era um encostado; nÃ£o trabalhava, nÃ£o estudava, nÃ£o fazia serviÃ§os domÃ©sticos, literalmente sÃ³ jogava videogame... eu estudava e trabalhava, e tentava ao mÃ¡ximo incentivar ele para fazer o mesmo, mas ele nem aÃ­. Hoje encontrei alguÃ©m pra crescer comigo, alguÃ©m que tem a mesma perspectiva de futuro que eu. Tenho amigas que estÃ£o passando pelo mesmo que passei... acho que tudo depende do tipo de cara e do tipo de mulher. ğŸŒ»",0
comentario_1570204,"@  AÃ­ Ã© que tÃ¡, Instituto Mises nÃ£o Ã© levado mais a sÃ©rio nem pelos ancaps. Dificilmente alguÃ©m hoje em dia usa os artigos de lÃ¡ como referÃªncia.",0
comentario_289056,"@  SÃ³ adicionando um detalhe, nÃ³s nÃ£o somos ocidentais. Ocidente Ã© sinÃ´nimo de Europa, cultura ocidental=cultura europeia, os Ãºnicos paÃ­ses ocidentais fora da Europa sÃ£o paÃ­ses de populaÃ§Ã£o praticamente toda europeia como CanadÃ¡, EUA, AustrÃ¡lia e NZ.Na AustrÃ¡lia 90,2% da populaÃ§Ã£o Ã© branca, no Brasil se for medir pela mesma rÃ©gua deles duvido que de mais de 10% de brancos. Eu mesmo pareÃ§o uma pessoa do oriente mÃ©dio e sou considerado branco.",1
comentario_558816,"  fico indignada e enojada,  e pensar,  que esse lixo Ã© considerado mÃºsica.",1
comentario_678222,"ensino correto, o homem foi feito pra mulher e a mulher para o homem.",1
comentario_1980692,"Todo castigo pra essa lacradora ai Ã© pouco, reseta a Km e volta a ser virgem com cirurgia, vai ver alguÃ©m quer. ğŸ˜‚ğŸ˜‚ğŸ˜‚ğŸ˜‚",1
comentario_2648639,Meu deus ele nÃ£o segue o ante otario nÃ© kk.,0
comentario_1504177,"Ã‰ verdade,mais estou  nesse dilema. ğŸ˜®",0
comentario_2727628,@  eu moro no sul do paÃ­s e veijo isso acontecer direto,0
comentario_2955226,"Tatuagens esquisitas, esse monte de coleira colorida, apreÃ§o em demasia pelo dinheiro... tem coisas que sÃ£o muito Ã³bvias.",0
comentario_2752646,"Boa parte das mulheres que abandonam o marido Ã© por motivos fÃºteis,  aventuras , promessas e etc....",1
comentario_1907954,Coitado do miqueinha levando chifre ğŸ¤ŸğŸ«ğŸ«ğŸ«ğŸ¤˜ğŸ¤˜ğŸ¤˜a muito tempo e nÃ£o percebeu e vai continuar ser corno,1
comentario_2048188,Perdoa MokeinhağŸ¤¡ ela agiu por impulsoğŸ®,0
comentario_917066,"Dia 16 deste mÃªs, fiz 62 anos de casada, um casal dedicado um ao outro, trabalhando juntos por mais de 50 anos, sem brigas e muita parceria.Mas nÃ£o Ã© mais o normal.",0
comentario_707095,Deveria ter academia sÃ³ pra homens e outra sÃ³ para mulheres,1
comentario_838162,SÃ³ tem duas coisas para tirar esse vazio perdÃ£o e Jesus ninguÃ©m tampa esse vazio a nÃ£o ser ele,0
comentario_970914,"casa locada , carro locado ou em nome de terceiro comprocuraÃ§Ã£o e cripto hehehe",1
comentario_1806647,Ela tÃ¡ certa em por o filho acima dela .. agora quem quiser segurar esse B.O,1
comentario_1234245,Primeiro comentÃ¡rio coerente aqui!,0
comentario_579302,EMPRESA QUE INVESTE NOS FUNCIONÃRIOS DEPOIS JOGA ISSO NA CARA DOS FUNCIONÃRIOS NÃƒO MERECE SER CHAMADO DE EMPRESA,1
comentario_261776,"Um absurdo a lei proteger bandidos, nÃ£o quer ser exposto Ã© sÃ³ nÃ£o roubar.",1
comentario_1331384,"NÃ£o entendo o que ela fala , blÃ¡ blÃ¡ blÃ¡ blÃ¡ , a mente  dela funciona assim ?",1
comentario_616913,"Ela nÃ£o abriu igreja , se poupe da ignorÃ¢ncia.",1
comentario_3030363,"eu nÃ£o duvido que seja verdade, porque um cara ia levar e buscar de moto a sua dignÃ­ssima esposa que ""trabalhava"" na Vila Mimosa / RJ.  !!!",1
comentario_298435,"Ela fazendo a propaganda da prostituiÃ§Ã£o, sÃ³ pode.....",1
comentario_2994460,"deixa eu adivinhar, a amiga dele mesmo sendo tao incrivel, com 35 anos ta solteira?",0
comentario_1675680,Kkkkkkkkkkkkkkkkk se a moda pega..Tinha que ser cristÃ£o a raiz do mau hoje em dia.,1
comentario_1902907,Todo castigo para mangina Ã© pouco !,1
comentario_1828966,Kkkkkkkk acho que tu nÃ£o sai de casa ou mora na europa,1
comentario_1036321,Parece que alguÃ©m surtou a carteira de outrem,0
comentario_325552,Isso Ã© uma coisa que Ã© sÃ³ de vc.s muito amor com o menino do pibÃ£o,0
comentario_1685210,Cara fala bobagem mulher de valor Ã± aceita vagabundo nÃ£o,1
comentario_912383,JustiÃ§a antigamente era sÃ³ para ricos hoje mudou ğŸ˜‚ğŸ˜‚ğŸ˜‚ Ã© para ricos e mulheres..Deveria Ã© ser presa e ainda devolver tudo que recebeu indevidamente.,1
comentario_669603,Isso serve de liÃ§Ã£o pra os dois lados da moeda ( vice-versa).,0
comentario_2164690,"@  Obs: Ã¡ Ãºnica coisa que vocÃª nÃ³s esclareceu, Ã© o fato de vocÃª passar de mÃ£o em mÃ£o para chegar Ã¡ essa conclusÃ£o, e isso evidÃªncia Ã¡ sua promiscuidade, portanto vocÃª nÃ£o tem valor para relacionamento, hahaha! Sinto lhe dizer, mÃ¡s nÃ³s homens preferimos mulheres apertadas e virgens. Portanto vocÃª estÃ¡ descartada para nÃ³s! Durma com isso.",1
comentario_667323,"E vai aconselhar! Perde a amizade, vai achar que vocÃª quer furar o olho",1
comentario_1170385,Agora com a gravaÃ§Ã£o  o corno jÃ¡ sabe a catraia kkk,1
comentario_980477,Mas tÃªm os casos em que o ex Ã© quem faz questÃ£o de pagar pensÃ£o pra filha da ex que o pai biolÃ³gico nÃ£o paga. Terminei o relacionamento com um assim. A ex vivia ligando cobrando algo e ele achava que estava certo. SaÃ­ fora! Acho que pagava a pensÃ£o pra filha pra continuar tendo acesso Ã  mÃ£e! Ora se nÃ£o!,1
comentario_1492611,"Ei padrinho, prato cheio pra vocÃª, o GADO do Arthur Petri ferrou com um amigo de longa data por causa de birra da mulher.",1
comentario_1000097,Ser deus feis porquer cabe kkkk,1
comentario_1282667,Mulher assim Ã© sÃ³ Ã¡gua e pau guerreiro se vc ainda nÃ£o aprendeu...paciencia,1
comentario_2831753,"Toda vez que uma mulher fala da vida financeira de um homem, sei nÃ£o hein...",1
comentario_1436345,"As igrejas criam as mulheres como umas deusas que como se tudo der errado a culpa Ã© SOMENTE DO HOMEM,  que sÃ£o santas , muitas vem marcadas do passado promÃ­scua, carregando e jogando isso no peito do homem de igreja, ficaram com muitos homens e mulheres, e te tratam como uma sub- espÃ©cie dela sendo que 99% das invenÃ§Ãµes , construÃ§Ãµes , criaÃ§Ãµes , sistema excepcionalmente vitais sÃ£o os homens que fazem e elas sÃ³ recebem ou pagam pra ter oque um homem fez e acham que trabalhar e pagar pra ter faz dela tÃ¡ na mente dela ser melhor que todo mundo, as igrejas pregam homem provedor , linha de frente, aÃ­ de vc falhar , de Deus, brilhante e cromado no escuro , com cargos de pastores ou de responsabilidade, se nÃ£o o cara nÃ£o tÃªm respeito. Eu vi que as igrejas sÃ£o mÃ¡quinas de criar feministas com BÃ­blia debaixo do braÃ§o, e elas usam a palavra de Deus te amaldiÃ§oando, mÃ¡s , coraÃ§Ã£o e maus olhos e Cultura, afinal de contas: ela tÃªm que ver qual o melhor ""macho"" que vai facilitar a vida dela e tbm aceita lÃ¡ sem que ela precise mudar , como a mulher de JÃ³ que pedia pra ele se matar amaldiÃ§oando a Deus e vale lembrar que:  Eva a   mulher antes de cair , cobiÃ§ou a Ã¡rvore do conhecimento e a promessa do diabo foi ela ter poder sobre o homem e Deus e nÃ£o precisar de ninguÃ©m , fez AdÃ£o cair , fazendo amizade com o diabo e escondeu isso dele todo tempo, por amor e Eva jÃ¡ queria o divÃ³rcio, satanÃ¡s sugeriu a Eva o feminismo e o homem deu todo seu poder pra ela que estava caÃ­da, ela nÃ£o merecia e isso nem sendo boa , quem dirÃ¡ caÃ­da. E  se repete com homens dando ouvidos a mulher caÃ­da com falsas acusaÃ§Ãµes e fazendo leis pra elas e dando atÃ© tÃ­tulo de eleitor onde na sua maior parte sÃ£o de esquerdas ou PIORRRRRRRR ,  se comporta como feminista sem saberem que sÃ£o . O mundo caiu no marianismo onde a mulher Ã© dona da verdade mesmo sendo bandida e mentirosa, a natureza da mulher Ã© pior e mais profana  que a do homem , mas muitos nÃ£o estÃ£o preparados pra essa conversa.",1
comentario_1774213,Esse Ã© um grande problema. Levou um ghost do chad e tÃ¡ perdidinha!!!! NÃ£o recebeu atenÃ§Ã£o se PERDEU TODINHA,1
comentario_142519,"chamaram duas mulheres contra o feminismo pra falar de feminismo, nÃ£o teve contraponto, entÃ£o nÃ£o fez sentido algum porque nÃ£o houve debate antagÃ´nico.",0
comentario_2288686,"O objetivo nÃ£o Ã© evitar o desamparo das crianÃ§as. Ã‰ gastar menos com auxÃ­lios governamentais, terceirizando a lasqueira para os homens.",1
comentario_791369,"Quem mora na roÃ§a e produz o seu prÃ³prio alimento, tem outra vida!",0
comentario_2923233,Elas prÃ³prias sÃ£o as canalhas. Ficam reclamando porque simplesmente perdem para as mais jovens.,1
comentario_771457,So pela sobrancelha e pelo cabelo vcs ja sabem neğŸ˜‚,0
comentario_2052871,Ele tem que escolher a prÃ³pria companhia. Mgtow forever. Viver a solitude.,1
comentario_163134,Essa atriz Ã© muito legal e linda.ğŸ˜Š,0
comentario_2228191,ParabÃ©ns para todas as mulheres â¤â¤â¤,0
comentario_2359618,Realidade.....nunca te amou. SÃ³  isso.,1
comentario_1829536,"que coisa, parece que as pessoas nÃ£o estÃ£o se achando entÃ£o kk",0
comentario_2480869,"Ei Copini, o povo tem o direito e o dever de se revoltar ğŸ‘ğŸ¼",0
comentario_1361913,"Esquerdistas como o Ãlvaro, defendem o indefensÃ¡vel. NÃ£o tem argumentos, sÃ³ sabem rotular e tentar cancelar os outros. Quando em um debate organizado, saem â€œcagados e se arrastandoâ€.",1
comentario_1406866,Da mesma turma queremos emagrecer comendo brigadeiro ğŸ˜…,0
comentario_1723569,Esse cara Ã© muito grande super paiâ¤â¤â¤â¤â¤,0
comentario_2912274,"CUMPLICIDADE? Ela: sÃ³ cuida das crianÃ§as. Ele: tem que trabalhar, chegar em casa, limpar toda a bagunÃ§a, fazer a comida de todos, e se pÃ¡ ela ainda trai ele. show de cumplicidade.",1
comentario_1747456,@  Melhor investimento que vocÃª faz em se mesmo!,0
comentario_2404501,"  UÃ© como eu disse, jÃ¡ dei aula de reforÃ§o para Debora acima, e tambÃ©m conheÃ§o os filhos dos meus primos, eles sÃ£o de boaÃ§a,  se vocÃª tornar algo interessante eles querem.Tenho vÃ¡rios ""testes empÃ­ricos"" sobre isso. Celular nÃ£o Ã© impedimento, pois antes dessa geraÃ§Ã£o existia, tv, console de computador e namorico de rua e o vÃ­cio era o mesmo. Inclusive se sua sobrinha ainda for muito nova, recomendo usar algum app de controle de idade para bloquear o acesso dela a determinados conteÃºdos, mas vou logo dizendo isso nÃ£o Ã© soluÃ§Ã£o a longo prazo e vai dar dor de cabeÃ§a a curto, mas Ã© efetivo a mÃ©dio.",0
comentario_1837362,O Claytim procurando o motoca atÃ© hoje pra arrebentar a cara dele ....ğŸ˜Œ,1
comentario_2917596,"O simbolo maior nessa area Ã© o Gabriel. Ta certo que armaram pra ele mas, ele caiu pela libido.",1
comentario_41188,"JÃ¡ pararam pra pensar que a mulher ferra o homem de todos os lados, ferra o sujeito que paga pensÃ£o, e ferra o prÃ³prio filho que terÃ¡ que cuidar de 2 pais dependendo do caso na velhice! JÃ¡ que a paternidade vem com todas as responsabilidades reciprocas para todos os lados",1
comentario_2797022,"Maaaaaano. ""Deu sorte"" Numa dessas, ""a mulher"" se joga no chÃ£o, se bate, se joga na porta E VAI DIZER Q FOI AGREDIDA. E um juÃ­z ainda prende, acaba com a vida do traÃ­do, SO PELA PALAVRA DO LIXO",1
comentario_1272000,"E nÃ³s mulheres falamos o mesmo, tem um monte de encostado por aÃ­.",1
comentario_2643100,"Pior que existem esses tipos, lamentÃ¡vel!",1
comentario_2748544,"Ã‰ por isso que muitas mulheres querem casar, elas sabem que quando o divÃ³rcio chegar, elas ficarÃ£o com todos os bens materiais dos homens, deixando a manginada ilidida na bancarrota. Realmente, as mulheres modernas estÃ£o completamente insanas , as leis mais insanas ainda. Marriage Strike now !",1
comentario_2660926,"Quanto comentÃ¡rio de gente burra. Vcs jÃ¡ viram como funciona a Maria da Penha na verdade? JÃ¡ viram que o cara aguarda dentro da casa com a mulher? JÃ¡ pararam pra pesquisar quantas morrem apÃ³s a denuncia? CÃªs tem a internet pra buscar informaÃ§Ãµes de qualidade e preferem bostejar. A regra Ã© a msm tanto pro homem quanto pra mulher, vc tem de ter provas, fazer o exame de corpo de delito, o acusado aguarda em liberdade independente de ser homem ou mulher. Nossa Ã© MT burrice, alÃ©m de que MTS vezes mesmo provado a agressÃ£o a Ãºnica coisa que acontece Ã© o pagamento de uma multa e medida cautelar, mais nada. VÃ£o se informar, Sigma e feminista sÃ£o uma cambada de idiota destilando Ã³dio ao sexo oposto. Se depender desses dois grupos de babacas os humanos entram em extinÃ§Ã£o jÃ¡ jÃ¡, as Ãºnicas grÃ¡vidas vÃ£o ser as putas pq Sigma paga de certo mas sÃ³ gosta de comer vagabunda.",1
comentario_567456,"Se isso nÃ£o for o prÃ³prio, Ã© um dos tipos do nÃºmero da besta que jÃ¡ estÃ¡ dominando a mente da humanidade!",1
comentario_973142,".. Muita sabedoria, sÃ³ tendo EspÃ­rito Santo ... para conseguir assimilar tanta InformaÃ§Ã£o de Qualidade ...",0
comentario_1632720,Eu fui. EntÃ£o falo com propriedade rs,0
comentario_2264957,Vamos ir terminando com essas traquinagens,1
comentario_1142680,"@  quem deve estar chorando Ã© vocÃª sozinho ,abandonado , eu tÃ´ muito bem com meu amor.",0
comentario_2264243,"Mesmo que o nÃ£o procurar ela, estÃ¡ preste a chutar ela de casa. JÃ¡  o outros amante, depois de alguns anos, vai chutar tambÃ©m. Resumindo: ela vai ficar frustada em tudo.ğŸ˜‚",1
comentario_2937129,Cada dia q se passa mais triste v no que esses barriga tao se transformando,1
comentario_659780,"@ , aÃ­ vc tÃ¡ aplicando a *fÃ³rmula Alpha 3F*",0
comentario_1649374,@  ProfÂº Marcelo Andrade Ã© minha sugestÃ£o. Homem sÃ©rio da histÃ³ria e que ensina bastante sobre o catolicimo histÃ³rico.,0
comentario_2948309,Como o mais velhos falavam todo castigo pra corpo e pouco,1
comentario_2121699,Cada um considera o que seria tradiÃ§Ã£o,0
comentario_88901,"Kkkk homens achando que mulheres se arrumam para eles. Outra coisa,  pq serÃ¡ eles sempre estÃ£o de olho nas que se arrumam.  Que se maqueiam!  Eles preferem as mulheres sem maquiagem pq assim nÃ£o chamam atenÃ§Ã£o.",1
comentario_2193688,E os buracos dos dentes dele?ğŸ˜‚ğŸ˜‚ğŸ˜‚ğŸ˜‚,0
comentario_68437,o Marcos eberlin estudou Ã© professor etc...e aÃ­? E vocÃª Ã© Oque mesmo?,0
comentario_2691461,"Fez muito bem, se continuar ela vai trair de novo!",1
comentario_1175369,"Corrige a fala!!! Minhas inimigas me criticam muito... Invejosas por vc ter um marido maravilhoso, provedor...vc nÃ£o trabalha fora, trabalha dentro e ainda faz curso...viva sua vida e nÃ£o ouve as inimigas...e abre seus olhos com elas tbm",1
comentario_2567717,"EstÃ£o comeÃ§ando a se tornar camaleoas , tudo que foi previsto pelo Don Sandro e Raccon estÃ¡ ocorrendo de forma acelerada , deixamos que elas se responsabilize pelas escolhas delas.",1
comentario_951869,SÃ³ foi o cara separar que cresceu na vida e enriqueceu...Porque serÃ¡?,0
comentario_716681," .FisicaÂ  a necessidade de treinar na frente de homens e mulheres Ã© a falta da aprovaÃ§Ã£o dos outros nos nossos esforÃ§os...e sim eu sei o q vc quiz dzr,as mulheres querem se aparecer na academia e em qualquer outro lugar, perderam o pudor.Eu olho pras mulheres e fico pensando,como esperam q os homens nÃ£o notem,se atÃ© a gnt nÃ£o consegue deixar d olhar,e nÃ£o Ã© com admiraÃ§Ã£o, Ã© com vergonha alheia.",1
comentario_572787,"O que vocÃª falou a respeito dele nÃ£o fazer esforÃ§o faz todo o sentido.Mas a parte do ""espalhar odio"" vocÃª tÃ¡ parecendo um papagaio de pirata. VocÃª simplesmente fala a frase por falar sem sentido nenhum. Ã‰ tipo vocÃª repetir uma palavra por mais de 8 vezes e ela perde o significado.",0
comentario_1137861,"Deus as abenÃ§oe, mas que ela nunca esqueÃ§a que isso tem a mÃ£o divina e o esforÃ§o da famÃ­lia.",0
comentario_1457765,"  veis , as veis os pais dao tudo o q pede",0
comentario_831602,Comportamento correto desta jovem mamÃ£e. ğŸ‰ğŸ˜Š,0
comentario_1823400,"NÃ£nananananaÃ£o Ã© possÃ­vel, desprovida de bom senso e inteligÃªncia ğŸ˜‚ğŸ˜‚ğŸ˜‚ğŸ˜‚ğŸ˜‚ğŸ˜‚ğŸ˜‚",1
comentario_288654,Que lindo meu Deus â¤â¤â¤â¤â¤â¤ Deus seja louvado ğŸ™,0
comentario_1452410,Devia ter dado um hamster de vestidinho....,0
comentario_1578966,"Indiretamente,ela julga todos os homens que nÃ£o assumem filhos que nao seus deles, mas moleque mesmo foi o 'pai' dos filhos q ela jÃ¡ teve e que nÃ£o  os assumiu e os deixou! ğŸ˜¢ğŸ˜¢ğŸ˜¢Fica aqui o aviso: nenhum homem Ã© obrigado a aceitar filhos q nÃ£o sÃ£o prÃ³prios, se os  aceitam Ã© por amor e respeito ao passado da namorada ou parceira, porÃ©m, problemas virÃ£o no futuro, nem sempre enteados(as) obedecem ou aceitam seus padrastos!!!ğŸ˜¢ğŸ˜¢ğŸ˜¢ğŸ˜¢ğŸ˜¢",1
comentario_850653,Quanta besteira falada sobre a guerra da Ucrania,0
comentario_1737938,"""Onde eu fui amarrar meu bode?""",1
comentario_1928866,"NÃ£o Ã© problema meu em hipÃ³tese alguma ajudo, quer seguranÃ§a contrate (pague)ğŸ’°",1
comentario_348757,"@  Salvador Ã© diferente do Resto do Nordeste.. AtÃ© o interior da Bahia vc consegue enxergar isso. Mas nÃ£o quer dizer que o racismo seja diferente..  Os lugares de pessoas com melhores condiÃ§Ãµes de vida em Salvador Ã© praticamente dominado por brancos.. Escolas mais caras Ã© difÃ­cil vc ter 1 negro na turma...  Mas se vc for em periferias ou favelas, Ã© 99% de negros por lÃ¡..",1
comentario_1813001,"olha, muitos homens nÃ£o conseguiram atingir esse nÃ­vel, voltando Ã  estaca zero. Mas a verdade Ã© que, no meio do caos emocional, Ã© onde mora o perigo. Os homens ficam vulnerÃ¡veis a um sistema que nÃ£o tem pena de quem se apega. EntÃ£o, o que vocÃªs precisam entender Ã© que esse desapego nÃ£o Ã© uma opÃ§Ã£o, Ã© uma necessidade de sobrevivÃªncia nesse jogo desigual.",1
comentario_1066910,"VocÃª estÃ¡ certa!!! Agente colher o que plantar!!! VocÃª estÃ¡ plantando respeito, e vai colher GRATIDÃƒO!!!â¤â¤â¤â¤â¤ğŸ˜ŠğŸ˜ŠğŸ˜ŠğŸ˜ŠğŸ‰ğŸ‰ğŸ‰ğŸ‰",0
comentario_136753,"Canal tem futuro, sÃ³ evita ficar gaguejando e com vÃ­cio oratÃ³rio que soa como inseguranÃ§a e medo de se expressar kkkkk mas vamo lÃ¡ ! Ã³timo cana !",0
